Product ID,Product Name,Category 1,Category 2,Category 3,Category 4,Category 5,Discounted Price,Orignal Price,Discount,User Rating,Number Of Rating
B07JW9H4J1,Wayona Nylon Braided USB to Lightning Fast Charging and Data ,Computers&Accessories,Accessories&Peripherals,Cables&Accessories,Cables,USBCables,399,"1,099",0.64,4.2,24269
B098NS6PVG,Ambrane Unbreakable 60W / 3A Fast Charging 1.5m Braided Type ,Computers&Accessories,Accessories&Peripherals,Cables&Accessories,Cables,USBCables,199,349,0.43,4,43994
B096MSW6CT,Sounce Fast Phone Charging Cable & Data Sync USB Cable Compat,Computers&Accessories,Accessories&Peripherals,Cables&Accessories,Cables,USBCables,199,"1,899",0.9,3.9,7928
B08HDJ86NZ,boAt Deuce USB 300 2 in 1 Type-C & Micro USB Stress Resistant,Computers&Accessories,Accessories&Peripherals,Cables&Accessories,Cables,USBCables,329,699,0.53,4.2,94363
B08CF3B7N1,Portronics Konnect L 1.2M Fast Charging 3A 8 Pin USB Cable wi,Computers&Accessories,Accessories&Peripherals,Cables&Accessories,Cables,USBCables,154,399,0.61,4.2,16905
B08Y1TFSP6,"pTron Solero TB301 3A Type-C Data and Fast Charging Cable, Ma",Computers&Accessories,Accessories&Peripherals,Cables&Accessories,Cables,USBCables,149,"1,000",0.85,3.9,24871
B08WRWPM22,"boAt Micro USB 55 Tangle-free, Sturdy Micro USB Cable with 3A",Computers&Accessories,Accessories&Peripherals,Cables&Accessories,Cables,USBCables,176.63,499,0.65,4.1,15188
B08DDRGWTJ,MI Usb Type-C Cable Smartphone (Black),Computers&Accessories,Accessories&Peripherals,Cables&Accessories,Cables,USBCables,229,299,0.23,4.3,30411
B008IFXQFU,"TP-Link USB WiFi Adapter for PC(TL-WN725N), N150 Wireless Net",Computers&Accessories,NetworkingDevices,NetworkAdapters,WirelessUSBAdapters,,499,999,0.5,4.2,179691
B082LZGK39,Ambrane Unbreakable 60W / 3A Fast Charging 1.5m Braided Micro,Computers&Accessories,Accessories&Peripherals,Cables&Accessories,Cables,USBCables,199,299,0.33,4,43994
B08CF3D7QR,Portronics Konnect L POR-1081 Fast Charging 3A Type-C Cable 1,Computers&Accessories,Accessories&Peripherals,Cables&Accessories,Cables,USBCables,154,339,0.55,4.3,13391
B0789LZTCJ,boAt Rugged v3 Extra Tough Unbreakable Braided Micro USB Cabl,Computers&Accessories,Accessories&Peripherals,Cables&Accessories,Cables,USBCables,299,799,0.63,4.2,94363
B07KSMBL2H,"AmazonBasics Flexible Premium HDMI Cable (Black, 4K@60Hz, 18G",Electronics,"HomeTheater,TV&Video",Accessories,Cables,HDMICables,219,700,0.69,4.4,426973
B085DTN6R2,Portronics Konnect CL 20W POR-1067 Type-C to 8 Pin USB 1.2M C,Computers&Accessories,Accessories&Peripherals,Cables&Accessories,Cables,USBCables,350,899,0.61,4.2,2262
B09KLVMZ3B,Portronics Konnect L 1.2M POR-1401 Fast Charging 3A 8 Pin USB,Computers&Accessories,Accessories&Peripherals,Cables&Accessories,Cables,USBCables,159,399,0.6,4.1,4768
B083342NKJ,MI Braided USB Type-C Cable for Charging Adapter (Red),Computers&Accessories,Accessories&Peripherals,Cables&Accessories,Cables,USBCables,349,399,0.13,4.4,18757
B0B6F7LX4C,MI 80 cm (32 inches) 5A Series HD Ready Smart Android LED TV ,Electronics,"HomeTheater,TV&Video",Televisions,SmartTelevisions,,"13,999","24,999",0.44,4.2,32840
B082LSVT4B,Ambrane Unbreakable 60W / 3A Fast Charging 1.5m Braided Type ,Computers&Accessories,Accessories&Peripherals,Cables&Accessories,Cables,USBCables,249,399,0.38,4,43994
B08WRBG3XW,"boAt Type C A325 Tangle-free, Sturdy Type C Cable with 3A Rap",Computers&Accessories,Accessories&Peripherals,Cables&Accessories,Cables,USBCables,199,499,0.6,4.1,13045
B08DPLCM6T,LG 80 cm (32 inches) HD Ready Smart LED TV 32LM563BPTC (Dark ,Electronics,"HomeTheater,TV&Video",Televisions,SmartTelevisions,,"13,490","21,990",0.39,4.3,11976
B09C6HXFC1,Duracell USB Lightning Apple Certified (Mfi) Braided Sync & C,Computers&Accessories,Accessories&Peripherals,Cables&Accessories,Cables,USBCables,970,"1,799",0.46,4.5,815
B085194JFL,"tizum HDMI to VGA Adapter Cable 1080P for Projector, Computer",Electronics,"HomeTheater,TV&Video",Accessories,Cables,HDMICables,279,499,0.44,3.7,10962
B09F6S8BT6,Samsung 80 cm (32 Inches) Wondertainment Series HD Ready LED ,Electronics,"HomeTheater,TV&Video",Televisions,SmartTelevisions,,"13,490","22,900",0.41,4.3,16299
B09NHVCHS9,Flix Micro Usb Cable For Smartphone (Black),Computers&Accessories,Accessories&Peripherals,Cables&Accessories,Cables,USBCables,59,199,0.7,4,9378
B0B1YVCJ2Y,Acer 80 cm (32 inches) I Series HD Ready Android Smart LED TV,Electronics,"HomeTheater,TV&Video",Televisions,SmartTelevisions,,"11,499","19,990",0.42,4.3,4703
B01M4GGIVU,Tizum High Speed HDMI Cable with Ethernet | Supports 3D 4K | ,Electronics,"HomeTheater,TV&Video",Accessories,Cables,HDMICables,199,699,0.72,4.2,12153
B08B42LWKN,OnePlus 80 cm (32 inches) Y Series HD Ready LED Smart Android,Electronics,"HomeTheater,TV&Video",Televisions,SmartTelevisions,,"14,999","19,999",0.25,4.2,34899
B094JNXNPV,Ambrane Unbreakable 3 in 1 Fast Charging Braided Multipurpose,Computers&Accessories,Accessories&Peripherals,Cables&Accessories,Cables,USBCables,299,399,0.25,4,2766
B09W5XR9RT,Duracell USB C To Lightning Apple Certified (Mfi) Braided Syn,Computers&Accessories,Accessories&Peripherals,Cables&Accessories,Cables,USBCables,970,"1,999",0.51,4.4,184
B077Z65HSD,"boAt A400 USB Type-C to USB-A 2.0 Male Data Cable, 2 Meter (B",Computers&Accessories,Accessories&Peripherals,Cables&Accessories,Cables,USBCables,299,999,0.7,4.3,20850
B00NH11PEY,AmazonBasics USB 2.0 - A-Male to A-Female Extension Cable for,Computers&Accessories,Accessories&Peripherals,Cables&Accessories,Cables,USBCables,199,750,0.73,4.5,74976
B09CMM3VGK,Ambrane 60W / 3A Type C Fast Charging Unbreakable 1.5m L Shap,Computers&Accessories,Accessories&Peripherals,Cables&Accessories,Cables,USBCables,179,499,0.64,4,1934
B08QSC1XY8,Zoul USB C 60W Fast Charging 3A 6ft/2M Long Type C Nylon Brai,Computers&Accessories,Accessories&Peripherals,Cables&Accessories,Cables,USBCables,389,"1,099",0.65,4.3,974
B008FWZGSG,"Samsung Original Type C to C Cable - 3.28 Feet (1 Meter), Whi",Computers&Accessories,Accessories&Peripherals,Cables&Accessories,Cables,USBCables,599,599,0,4.3,355
B0B4HJNPV4,pTron Solero T351 3.5Amps Fast Charging Type-C to Type-C PD D,Computers&Accessories,Accessories&Peripherals,Cables&Accessories,Cables,USBCables,199,999,0.8,3.9,1075
B08Y1SJVV5,"pTron Solero MB301 3A Micro USB Data & Charging Cable, Made i",Computers&Accessories,Accessories&Peripherals,Cables&Accessories,Cables,USBCables,99,666.66,0.85,3.9,24871
B07XLCFSSN,"Amazonbasics Nylon Braided Usb-C To Lightning Cable, Fast Cha",Computers&Accessories,Accessories&Peripherals,Cables&Accessories,Cables,USBCables,899,"1,900",0.53,4.4,13552
B09RZS1NQT,"Sounce 65W OnePlus Dash Warp Charge Cable, 6.5A Type-C to USB",Computers&Accessories,Accessories&Peripherals,Cables&Accessories,Cables,USBCables,199,999,0.8,4,576
B0B3MMYHYW,OnePlus 126 cm (50 inches) Y Series 4K Ultra HD Smart Android,Electronics,"HomeTheater,TV&Video",Televisions,SmartTelevisions,,"32,999","45,999",0.28,4.2,7298
B09C6HWG18,Duracell Type C To Type C 5A (100W) Braided Sync & Fast Charg,Computers&Accessories,Accessories&Peripherals,Cables&Accessories,Cables,USBCables,970,"1,999",0.51,4.2,462
B00NH11KIK,AmazonBasics USB 2.0 Cable - A-Male to B-Male - for Personal ,Computers&Accessories,Accessories&Peripherals,Cables&Accessories,Cables,USBCables,209,695,0.7,4.5,107687
B09JPC82QC,Mi 108 cm (43 inches) Full HD Android LED TV 4C | L43M6-INC (,Electronics,"HomeTheater,TV&Video",Televisions,SmartTelevisions,,"19,999","34,999",0.43,4.3,27151
B07JW1Y6XV,Wayona Nylon Braided 3A Lightning to USB A Syncing and Fast C,Computers&Accessories,Accessories&Peripherals,Cables&Accessories,Cables,USBCables,399,"1,099",0.64,4.2,24269
B07KRCW6LZ,TP-Link Nano AC600 USB Wi-Fi Adapter(Archer T2U Nano)- 2.4G/5,Computers&Accessories,NetworkingDevices,NetworkAdapters,WirelessUSBAdapters,,999,"1,599",0.38,4.3,12093
B09NJN8L25,FLiX (Beetel USB to Micro USB PVC Data Sync & 2A Fast Chargin,Computers&Accessories,Accessories&Peripherals,Cables&Accessories,Cables,USBCables,59,199,0.7,4,9378
B07XJYYH7L,Wecool Nylon Braided Multifunction Fast Charging Cable For An,Computers&Accessories,Accessories&Peripherals,Cables&Accessories,Cables,USBCables,333,999,0.67,3.3,9792
B002PD61Y4,D-Link DWA-131 300 Mbps Wireless Nano USB Adapter (Black),Computers&Accessories,NetworkingDevices,NetworkAdapters,WirelessUSBAdapters,,507,"1,208",0.58,4.1,8131
B014I8SSD0,"Amazon Basics High-Speed HDMI Cable, 6 Feet - Supports Ethern",Electronics,"HomeTheater,TV&Video",Accessories,Cables,HDMICables,309,475,0.35,4.4,426973
B09L8DSSFH,7SEVEN® Compatible for Samsung Smart 4K Ultra HD TV Monitor ,Electronics,"HomeTheater,TV&Video",Accessories,RemoteControls,,399,999,0.6,3.6,493
B07232M876,Amazonbasics Micro Usb Fast Charging Cable For Android Smartp,Computers&Accessories,Accessories&Peripherals,Cables&Accessories,Cables,USBCables,199,395,0.5,4.2,92595
B07P681N66,TP-Link AC600 600 Mbps WiFi Wireless Network USB Adapter for ,Computers&Accessories,NetworkingDevices,NetworkAdapters,WirelessUSBAdapters,,"1,199","2,199",0.45,4.4,24780
B0711PVX6Z,AmazonBasics Micro USB Fast Charging Cable for Android Phones,Computers&Accessories,Accessories&Peripherals,Cables&Accessories,Cables,USBCables,179,500,0.64,4.2,92595
B082T6V3DT,"AmazonBasics New Release Nylon USB-A to Lightning Cable Cord,",Computers&Accessories,Accessories&Peripherals,Cables&Accessories,Cables,USBCables,799,"2,100",0.62,4.3,8188
B07MKFNHKG,VW 80 cm (32 inches) Frameless Series HD Ready LED TV VW32A (,Electronics,"HomeTheater,TV&Video",Televisions,StandardTelevisions,,"6,999","12,999",0.46,4.2,4003
B0BFWGBX61,Ambrane Unbreakable 3A Fast Charging Braided Type C Cable    ,Computers&Accessories,Accessories&Peripherals,Cables&Accessories,Cables,USBCables,199,349,0.43,4.1,314
B01N90RZ4M,Tata Sky Universal Remote,Electronics,"HomeTheater,TV&Video",Accessories,RemoteControls,,230,499,0.54,3.7,2960
B0088TKTY2,TP-LINK WiFi Dongle 300 Mbps Mini Wireless Network USB Wi-Fi ,Computers&Accessories,NetworkingDevices,NetworkAdapters,WirelessUSBAdapters,,649,"1,399",0.54,4.2,179691
B09Q5SWVBJ,OnePlus 80 cm (32 inches) Y Series HD Ready Smart Android LED,Electronics,"HomeTheater,TV&Video",Televisions,SmartTelevisions,,"15,999","21,999",0.27,4.2,34899
B0B4DT8MKT,"Wecool Unbreakable 3 in 1 Charging Cable with 3A Speed, Fast ",Computers&Accessories,Accessories&Peripherals,Cables&Accessories,Cables,USBCables,348,"1,499",0.77,4.2,656
B08CDKQ8T6,"Portronics Konnect L 1.2Mtr, Fast Charging 3A Micro USB Cable",Computers&Accessories,Accessories&Peripherals,Cables&Accessories,Cables,USBCables,154,349,0.56,4.3,7064
B07B275VN9,"Airtel DigitalTV DTH Television, Setup Box Remote Compatible ",Electronics,"HomeTheater,TV&Video",Accessories,RemoteControls,,179,799,0.78,3.7,2201
B0B15CPR37,Samsung 108 cm (43 inches) Crystal 4K Neo Series Ultra HD Sma,Electronics,"HomeTheater,TV&Video",Televisions,SmartTelevisions,,"32,990","47,900",0.31,4.3,7109
B0994GFWBH,Lapster 1.5 mtr USB 2.0 Type A Male to USB A Male Cable for c,Computers&Accessories,Accessories&Peripherals,Cables&Accessories,Cables,USBCables,139,999,0.86,4,1313
B01GGKZ0V6,AmazonBasics USB Type-C to USB Type-C 2.0 Cable - 3 Feet Lapt,Computers&Accessories,Accessories&Peripherals,Cables&Accessories,Cables,USBCables,329,845,0.61,4.2,29746
B09F9YQQ7B,Redmi 80 cm (32 inches) Android 11 Series HD Ready Smart LED ,Electronics,"HomeTheater,TV&Video",Televisions,SmartTelevisions,,"13,999","24,999",0.44,4.2,45238
B014I8SX4Y,"Amazon Basics High-Speed HDMI Cable, 6 Feet (2-Pack),Black",Electronics,"HomeTheater,TV&Video",Accessories,Cables,HDMICables,309,"1,400",0.78,4.4,426973
B09Q8HMKZX,Portronics Konnect L 20W PD Quick Charge Type-C to 8-Pin USB ,Computers&Accessories,Accessories&Peripherals,Cables&Accessories,Cables,USBCables,263,699,0.62,4.1,450
B0B9XN9S3W,Acer 80 cm (32 inches) N Series HD Ready TV AR32NSV53HD (Blac,Electronics,"HomeTheater,TV&Video",Televisions,StandardTelevisions,,"7,999","14,990",0.47,4.3,457
B07966M8XH,Model-P4 6 Way Swivel Tilt Wall Mount 32-55-inch Full Motion ,Electronics,"HomeTheater,TV&Video",Accessories,"TVMounts,Stands&Turntables",TVWall&CeilingMounts,"1,599","2,999",0.47,4.2,2727
B01GGKYKQM,Amazon Basics USB Type-C to USB-A 2.0 Male Fast Charging Cabl,Computers&Accessories,Accessories&Peripherals,Cables&Accessories,Cables,USBCables,219,700,0.69,4.3,20053
B0B86CDHL1,oraimo 65W Type C to C Fast Charging Cable USB C to USB C Cab,Computers&Accessories,Accessories&Peripherals,Cables&Accessories,Cables,USBCables,349,899,0.61,4.5,149
B0B5ZF3NRK,"CEDO 65W OnePlus Dash Warp Charge Cable, USB A to Type C Data",Computers&Accessories,Accessories&Peripherals,Cables&Accessories,Cables,USBCables,349,599,0.42,4.1,210
B09RFC46VP,Redmi 108 cm (43 inches) 4K Ultra HD Android Smart LED TV X43,Electronics,"HomeTheater,TV&Video",Televisions,SmartTelevisions,,"26,999","42,999",0.37,4.2,45238
B08R69VDHT,"Pinnaclz Original Combo of 2 Micro USB Fast Charging Cable, U",Computers&Accessories,Accessories&Peripherals,Cables&Accessories,Cables,USBCables,115,499,0.77,4,7732
B09RWZRCP1,"boAt Type C A750 Stress Resistant, Tangle-free, Sturdy Flat C",Computers&Accessories,Accessories&Peripherals,Cables&Accessories,Cables,USBCables,399,999,0.6,4.1,1780
B09CMP1SC8,Ambrane 2 in 1 Type-C & Micro USB Cable with 60W / 3A Fast Ch,Computers&Accessories,Accessories&Peripherals,Cables&Accessories,Cables,USBCables,199,499,0.6,4.1,602
B09YLXYP7Y,Ambrane 60W / 3A Fast Charging Output Cable with Type-C to US,Computers&Accessories,Accessories&Peripherals,Cables&Accessories,Cables,USBCables,179,399,0.55,4,1423
B09ZPM4C2C,TCL 80 cm (32 inches) HD Ready Certified Android Smart LED TV,Electronics,"HomeTheater,TV&Video",Televisions,SmartTelevisions,,"10,901","30,990",0.65,4.1,398
B0B2DJDCPX,SWAPKART Fast Charging Cable and Data Sync USB Cable Compatib,Computers&Accessories,Accessories&Peripherals,Cables&Accessories,Cables,USBCables,209,499,0.58,3.9,536
B0BCZCQTJX,Firestick Remote,Electronics,"HomeTheater,TV&Video",Accessories,RemoteControls,,"1,434","3,999",0.64,4,32
B07LGT55SJ,Wayona Usb Nylon Braided Data Sync And Charging Cable For Iph,Computers&Accessories,Accessories&Peripherals,Cables&Accessories,Cables,USBCables,399,"1,099",0.64,4.2,24269
B09NKZXMWJ,Flix (Beetel) Usb To Type C Pvc Data Sync And 2A 480Mbps Data,Computers&Accessories,Accessories&Peripherals,Cables&Accessories,Cables,USBCables,139,249,0.44,4,9378
B08QX1CC14,SKYWALL 81.28 cm (32 inches) HD Ready Smart LED TV 32SWELS-PR,Electronics,"HomeTheater,TV&Video",Televisions,SmartTelevisions,,"7,299","19,125",0.62,3.4,902
B0974H97TJ,"boAt A 350 Type C Cable for Smartphone, Charging Adapter (1.5",Computers&Accessories,Accessories&Peripherals,Cables&Accessories,Cables,USBCables,299,799,0.63,4.4,28791
B07GVGTSLN,Wayona Usb Type C Fast Charger Cable Fast Charging Usb C Cabl,Computers&Accessories,Accessories&Peripherals,Cables&Accessories,Cables,USBCables,325,"1,299",0.75,4.2,10576
B09VCHLSJF,OnePlus 108 cm (43 inches) Y Series 4K Ultra HD Smart Android,Electronics,"HomeTheater,TV&Video",Televisions,SmartTelevisions,,"29,999","39,999",0.25,4.2,7298
B0B1YZX72F,Acer 127 cm (50 inches) I Series 4K Ultra HD Android Smart LE,Electronics,"HomeTheater,TV&Video",Televisions,SmartTelevisions,,"27,999","40,990",0.32,4.3,4703
B092BJMT8Q,Samsung 108 cm (43 inches) Crystal 4K Series Ultra HD Smart L,Electronics,"HomeTheater,TV&Video",Televisions,SmartTelevisions,,"30,990","52,900",0.41,4.3,7109
B0BMXMLSMM,"Lapster 65W compatible for OnePlus Dash Warp Charge Cable , t",Computers&Accessories,Accessories&Peripherals,Cables&Accessories,Cables,USBCables,199,999,0.8,4.5,127
B07JH1C41D,Wayona Nylon Braided (2 Pack) Lightning Fast Usb Data Cable F,Computers&Accessories,Accessories&Peripherals,Cables&Accessories,Cables,USBCables,649,"1,999",0.68,4.2,24269
B0141EZMAI,"Gizga Essentials USB WiFi Adapter for PC, 150 Mbps Wireless N",Computers&Accessories,NetworkingDevices,NetworkAdapters,WirelessUSBAdapters,,269,800,0.66,3.6,10134
B09Q5P2MT3,OnePlus 108 cm (43 inches) Y Series Full HD Smart Android LED,Electronics,"HomeTheater,TV&Video",Televisions,SmartTelevisions,,"24,999","31,999",0.22,4.2,34899
B08HDH26JX,boAt Deuce USB 300 2 in 1 Type-C & Micro USB Stress Resistant,Computers&Accessories,Accessories&Peripherals,Cables&Accessories,Cables,USBCables,299,699,0.57,4.2,94363
B09VT6JKRP,Lapster USB 3.0 A to Micro B SuperSpeed for hard disk cable -,Computers&Accessories,Accessories&Peripherals,Cables&Accessories,Cables,USBCables,199,999,0.8,4.1,425
B09T3KB6JZ,TCL 100 cm (40 inches) Full HD Certified Android R Smart LED ,Electronics,"HomeTheater,TV&Video",Televisions,SmartTelevisions,,"18,990","40,990",0.54,4.2,6659
B093QCY6YJ,ZEBRONICS ZEB-USB150WF1 WiFi USB Mini Adapter Supports 150 Mb,Computers&Accessories,NetworkingDevices,NetworkAdapters,WirelessUSBAdapters,,290,349,0.17,3.7,1977
B093ZNQZ2Y,LOHAYA Remote Compatible for Mi Smart LED TV 4A Remote Contro,Electronics,"HomeTheater,TV&Video",Accessories,RemoteControls,,249,799,0.69,3.8,1079
B08LKS3LSP,"Gilary Multi Charging Cable, 3 in 1 Nylon Braided Fast Chargi",Computers&Accessories,Accessories&Peripherals,Cables&Accessories,Cables,USBCables,345,999,0.65,3.7,1097
B00V4BGDKU,TP-Link UE300 USB 3.0 to RJ45 Gigabit Ethernet Network Adapte,Computers&Accessories,NetworkingDevices,NetworkAdapters,WirelessUSBAdapters,,"1,099","1,899",0.42,4.5,22420
B08CHKQ8D4,Wayona Type C to Lightning MFI Certified 20W Fast charging Ny,Computers&Accessories,Accessories&Peripherals,Cables&Accessories,Cables,USBCables,719,"1,499",0.52,4.1,1045
B09BW334ML,Dealfreez Case Compatible with Fire TV Stick 3rd Gen 2021 Ful,Electronics,"HomeTheater,TV&Video",Accessories,RemoteControls,,349,"1,499",0.77,4.3,4145
B082T6GVLJ,Amazon Basics New Release Nylon USB-A to Lightning Cable Cord,Computers&Accessories,Accessories&Peripherals,Cables&Accessories,Cables,USBCables,849,"1,809",0.53,4.3,6547
B07DL1KC3H,Isoelite Remote Compatible for Samsung LED/LCD Remote Control,Electronics,"HomeTheater,TV&Video",Accessories,RemoteControls,,299,899,0.67,4,1588
B0B6F98KJJ,MI 100 cm (40 inches) 5A Series Full HD Smart Android LED TV ,Electronics,"HomeTheater,TV&Video",Televisions,SmartTelevisions,,"21,999","29,999",0.27,4.2,32840
B07JNVF678,Wayona Nylon Braided USB Data Sync and Fast Charging 3A Short,Computers&Accessories,Accessories&Peripherals,Cables&Accessories,Cables,USBCables,349,999,0.65,4.2,13120
B09QGZFBPM,Wayona Type C To Type C Long Fast Charging Cable Type C Charg,Computers&Accessories,Accessories&Peripherals,Cables&Accessories,Cables,USBCables,399,999,0.6,4.3,2806
B07JGDB5M1,Wayona Nylon Braided 2M / 6Ft Fast Charge Usb To Lightning Da,Computers&Accessories,Accessories&Peripherals,Cables&Accessories,Cables,USBCables,449,"1,299",0.65,4.2,24269
B0981XSZJ7,CROSSVOLT Compatible Dash/Warp Data Sync Fast Charging Cable ,Computers&Accessories,Accessories&Peripherals,Cables&Accessories,Cables,USBCables,299,999,0.7,4.3,766
B0B9XLX8VR,VU 139 cm (55 inches) The GloLED Series 4K Smart LED Google T,Electronics,"HomeTheater,TV&Video",Televisions,SmartTelevisions,,"37,999","65,000",0.42,4.3,3587
B08Y5KXR6Z,"PTron Solero T241 2.4A Type-C Data & Charging USB Cable, Made",Computers&Accessories,Accessories&Peripherals,Cables&Accessories,Cables,USBCables,99,800,0.88,3.9,24871
B09F6VHQXB,"Croma 80 cm (32 Inches) HD Ready LED TV (CREL7369, Black) (20",Electronics,"HomeTheater,TV&Video",Televisions,StandardTelevisions,,"7,390","20,000",0.63,4.1,2581
B0974G5Q2Y,"boAt Laptop, Smartphone Type-c A400 Male Data Cable (Carbon B",Computers&Accessories,Accessories&Peripherals,Cables&Accessories,Cables,USBCables,273.10,999,0.73,4.3,20850
B09YL9SN9B,LG 80 cm (32 inches) HD Ready Smart LED TV 32LQ576BPSA (Ceram,Electronics,"HomeTheater,TV&Video",Televisions,SmartTelevisions,,"15,990","23,990",0.33,4.3,1035
B09RX1FK54,"boAt Type C A750 Stress Resistant, Tangle-free, Sturdy Flat C",Computers&Accessories,Accessories&Peripherals,Cables&Accessories,Cables,USBCables,399,999,0.6,4.1,1780
B09TT6BFDX,Cotbolt Silicone Protective Case Cover for LG an MR21GA Magic,Electronics,"HomeTheater,TV&Video",Accessories,RemoteControls,,399,"1,999",0.8,4.5,505
B09KH58JZR,Portronics Konnect L POR-1403 Fast Charging 3A Type-C Cable 1,Computers&Accessories,Accessories&Peripherals,Cables&Accessories,Cables,USBCables,210,399,0.47,4.1,1717
B09DDCQFMT,Electvision Remote Control Compatible with Amazon Fire tv Sti,Electronics,"HomeTheater,TV&Video",Accessories,RemoteControls,,"1,299","1,999",0.35,3.6,590
B08RP2L2NL,"King Shine Multi Retractable 3.0A Fast Charger Cord, Multiple",Computers&Accessories,Accessories&Peripherals,Cables&Accessories,Cables,USBCables,347,999,0.65,3.5,1121
B0B4G2MWSB,"Lapster 5 pin mini usb cable, usb b cable,camera cable usb2.0",Computers&Accessories,Accessories&Peripherals,Cables&Accessories,Cables,USBCables,149,999,0.85,4,1313
B0B21C4BMX,Portronics Konnect Spydr 31 3-in-1 Multi Functional Cable wit,Computers&Accessories,Accessories&Peripherals,Cables&Accessories,Cables,USBCables,228,899,0.75,3.8,132
B084MZXJNK,"Belkin Apple Certified Lightning To Type C Cable, Tough Unbre",Computers&Accessories,Accessories&Peripherals,Cables&Accessories,Cables,USBCables,"1,599","1,999",0.2,4.4,1951
B0BHZCNC4P,Remote Control Compatible for Amazon Fire Tv Stick Remote Con,Electronics,"HomeTheater,TV&Video",Accessories,RemoteControls,,"1,499","3,999",0.63,3.7,37
B0B16KD737,VW 80 cm (32 inches) Playwall Frameless Series HD Ready Andro,Electronics,"HomeTheater,TV&Video",Televisions,SmartTelevisions,,"8,499","15,999",0.47,4.3,592
B099K9ZX65,Hisense 108 cm (43 inches) 4K Ultra HD Smart Certified Androi,Electronics,"HomeTheater,TV&Video",Televisions,SmartTelevisions,,"20,990","44,990",0.53,4.1,1259
B08Y55LPBF,Redmi 126 cm (50 inches) 4K Ultra HD Android Smart LED TV X50,Electronics,"HomeTheater,TV&Video",Televisions,SmartTelevisions,,"32,999","44,999",0.27,4.2,45238
B015OW3M1W,AmazonBasics 6-Feet DisplayPort (not USB port) to HDMI Cable ,Electronics,"HomeTheater,TV&Video",Accessories,Cables,HDMICables,799,"1,700",0.53,4.1,28638
B01D5H8ZI8,AmazonBasics 3 Feet High Speed HDMI Male to Female 2.0 Extens,Electronics,"HomeTheater,TV&Video",Accessories,Cables,HDMICables,229,595,0.62,4.3,12835
B09X1M3DHX,iFFALCON 80 cm (32 inches) HD Ready Smart LED TV 32F53 (Blac,Electronics,"HomeTheater,TV&Video",Televisions,SmartTelevisions,,"9,999","27,990",0.64,4.2,1269
B09MM6P76N,7SEVEN® Compatible Lg Smart Tv Remote Suitable for Any LG LE,Electronics,"HomeTheater,TV&Video",Accessories,RemoteControls,,349,599,0.42,4.2,284
B01D5H8LDM,"AmazonBasics 3.5mm to 2-Male RCA Adapter Cable For Tablet, Sm",Electronics,"HomeTheater,TV&Video",Accessories,Cables,RCACables,489,"1,200",0.59,4.4,69538
B0B1YY6JJL,Acer 109 cm (43 inches) I Series 4K Ultra HD Android Smart LE,Electronics,"HomeTheater,TV&Video",Televisions,SmartTelevisions,,"23,999","34,990",0.31,4.3,4703
B09QGZM8QB,Wayona Usb Type C 65W 6Ft/2M Long Fast Charging Cable Compati,Computers&Accessories,Accessories&Peripherals,Cables&Accessories,Cables,USBCables,399,999,0.6,4.3,2806
B08L4SBJRY,"Saifsmart Outlet Wall Mount Hanger Holder for Dot 3rd Gen, Co",Electronics,HomeAudio,Accessories,SpeakerAccessories,Mounts,349,"1,299",0.73,4,3295
B09X79PP8F,MI 2-in-1 USB Type C Cable (Micro USB to Type C) 30cm for Sma,Computers&Accessories,Accessories&Peripherals,Cables&Accessories,Cables,USBCables,179,299,0.4,3.9,81
B082T6GVG9,"AmazonBasics New Release ABS USB-A to Lightning Cable Cord, F",Computers&Accessories,Accessories&Peripherals,Cables&Accessories,Cables,USBCables,689,"1,500",0.54,4.2,42301
B0B3XY5YT4,LG 108 cm (43 inches) 4K Ultra HD Smart LED TV 43UQ7500PSF (C,Electronics,"HomeTheater,TV&Video",Televisions,SmartTelevisions,,"30,990","49,990",0.38,4.3,1376
B0B4HKH19N,"pTron Solero 331 3.4Amps Multifunction Fast Charging Cable, 3",Computers&Accessories,Accessories&Peripherals,Cables&Accessories,Cables,USBCables,249,931,0.73,3.9,1075
B08TGG316Z,"10k 8k 4k HDMI Cable, Certified 48Gbps 1ms Ultra High Speed H",Electronics,"HomeTheater,TV&Video",Accessories,Cables,HDMICables,999,"2,399",0.58,4.6,3664
B071VMP1Z4,LRIPL Compatible Sony Bravia LCD/led Remote Works with Almost,Electronics,"HomeTheater,TV&Video",Accessories,RemoteControls,,399,399,0,3.9,1951
B071SDRGWL,boAt Type-c A400 Type-c to USB A Cable for All Type C Phones ,Computers&Accessories,Accessories&Peripherals,Cables&Accessories,Cables,USBCables,349,699,0.5,4.3,20850
B08PSQRW2T,Zoul Type C to Type C Fast Charging Cable 65W 2M/6ft USB C Ny,Computers&Accessories,Accessories&Peripherals,Cables&Accessories,Cables,USBCables,399,"1,099",0.64,4.1,2685
B0859M539M,TP-LINK AC1300 Archer T3U Plus High Gain USB 3.0 Wi-Fi Dongle,Computers&Accessories,NetworkingDevices,NetworkAdapters,WirelessUSBAdapters,,"1,699","2,999",0.43,4.4,24780
B08RX8G496,LRIPL Mi Remote Control with Netflix & Prime Video Button Com,Electronics,"HomeTheater,TV&Video",Accessories,RemoteControls,,655,"1,099",0.4,3.2,285
B002SZEOLG,TP-Link Nano USB WiFi Dongle 150Mbps High Gain Wireless Netwo,Computers&Accessories,NetworkingDevices,NetworkAdapters,WirelessUSBAdapters,,749,"1,339",0.44,4.2,179692
B08CS3BT4L,Kodak 80 cm (32 inches) HD Ready Certified Android LED TV 32H,Electronics,"HomeTheater,TV&Video",Televisions,SmartTelevisions,,"9,999","12,999",0.23,4.2,6088
B00RFWNJMC,Airtel DigitalTV DTH Remote SD/HD/HD Recording Compatible for,Electronics,"HomeTheater,TV&Video",Accessories,RemoteControls,,195,499,0.61,3.7,1383
B082T6GXS5,"AmazonBasics New Release Nylon USB-A to Lightning Cable Cord,",Computers&Accessories,Accessories&Peripherals,Cables&Accessories,Cables,USBCables,999,"2,100",0.52,4.5,5492
B09CMQRQM6,Ambrane Fast 100W Output Cable with Type-C to Type-C for Mobi,Computers&Accessories,Accessories&Peripherals,Cables&Accessories,Cables,USBCables,499,899,0.44,4.2,919
B005LJQMCK,BlueRigger Digital Optical Audio Toslink Cable (3.3 Feet / 1 ,Electronics,"HomeTheater,TV&Video",Accessories,Cables,OpticalCables,416,599,0.31,4.2,30023
B09C6H53KH,"Duracell Type-C To Micro 1.2M braided Sync & Charge Cable, US",Computers&Accessories,Accessories&Peripherals,Cables&Accessories,Cables,USBCables,368,699,0.47,4.2,387
B0BB3CBFBM,VU 138 cm (55 inches) Premium Series 4K Ultra HD Smart IPS LE,Electronics,"HomeTheater,TV&Video",Televisions,SmartTelevisions,,"29,990","65,000",0.54,4.1,211
B08QSDKFGQ,Zoul USB Type C Fast Charging 3A Nylon Braided Data Cable Qui,Computers&Accessories,Accessories&Peripherals,Cables&Accessories,Cables,USBCables,339,"1,099",0.69,4.3,974
B08PV1X771,Samsung 80 cm (32 inches) Wondertainment Series HD Ready LED ,Electronics,"HomeTheater,TV&Video",Televisions,SmartTelevisions,,"15,490","20,900",0.26,4.3,16299
B07YTNKVJQ,MI Xiaomi USB Type C HYperCharge Cable 6A 100cm Sturdy and Du,Computers&Accessories,Accessories&Peripherals,Cables&Accessories,Cables,USBCables,499,"1,299",0.62,4.3,30411
B0117H7GZ6,GENERIC Ultra-Mini Bluetooth CSR 4.0 USB Dongle Adapter for W,Computers&Accessories,NetworkingDevices,NetworkAdapters,WirelessUSBAdapters,,249,399,0.38,3.4,4642
B09XJ1LM7R,7SEVEN® Compatible for Tata Sky Remote Original Set Top HD ,Electronics,"HomeTheater,TV&Video",Accessories,RemoteControls,,399,799,0.5,4.3,12
B084N133Y7,"Belkin Apple Certified Lightning To Type C Cable, Fast Chargi",Computers&Accessories,Accessories&Peripherals,Cables&Accessories,Cables,USBCables,"1,499","1,999",0.25,4.4,1951
B088Z1YWBC,EGate i9 Pro-Max 1080p Native Full HD Projector 4k Support | ,Electronics,"HomeTheater,TV&Video",Projectors,,,"9,490","15,990",0.41,3.9,10480
B07VSG5SXZ,"ZEBRONICS HAA2021 HDMI version 2.1 cable with 8K @ 60Hz, 4K @",Electronics,"HomeTheater,TV&Video",Accessories,Cables,HDMICables,637,"1,499",0.58,4.1,24
B08RWCZ6SY,7SEVEN® Compatible for Sony Bravia LCD LED UHD OLED QLED 4K ,Electronics,"HomeTheater,TV&Video",Accessories,RemoteControls,,399,899,0.56,3.9,254
B07KSB1MLX,AmazonBasics Digital Optical Coax to Analog RCA Audio Convert,Electronics,"HomeTheater,TV&Video",Accessories,Cables,OpticalCables,"1,089","1,600",0.32,4,3565
B081FG1QYX,Wayona Type C Cable Nylon Braided USB C QC 3.0 Fast Charging ,Computers&Accessories,Accessories&Peripherals,Cables&Accessories,Cables,USBCables,339,999,0.66,4.3,6255
B08R69WBN7,"Pinnaclz Original Combo of 2 USB Type C Fast Charging Cable, ",Computers&Accessories,Accessories&Peripherals,Cables&Accessories,Cables,USBCables,149,499,0.7,4,7732
B0B3RHX6B6,Ambrane BCL-15 Lightning Cable for Smartphone (1.5m Black),Computers&Accessories,Accessories&Peripherals,Cables&Accessories,Cables,USBCables,149,399,0.63,3.9,57
B084N18QZY,"Belkin USB C to USB-C Fast Charging Type C Cable, 60W PD, 3.3",Computers&Accessories,Accessories&Peripherals,Cables&Accessories,Cables,USBCables,599,849,0.29,4.5,577
B081NHWT6Z,LOHAYA Television Remote Compatible with Samsung Smart LED/LC,Electronics,"HomeTheater,TV&Video",Accessories,RemoteControls,,299,"1,199",0.75,3.9,1193
B07JPJJZ2H,Wayona Nylon Braided Lightning USB Data Sync & 3A Charging Ca,Computers&Accessories,Accessories&Peripherals,Cables&Accessories,Cables,USBCables,399,"1,299",0.69,4.2,13120
B09JKNF147,Electvision Remote Control Compatible with Kodak/Thomson Smar,Electronics,"HomeTheater,TV&Video",Accessories,RemoteControls,,339,"1,999",0.83,4,343
B0B9959XF3,Acer 80 cm (32 inches) S Series HD Ready Android Smart LED TV,Electronics,"HomeTheater,TV&Video",Televisions,SmartTelevisions,,"12,499","22,990",0.46,4.3,1611
B09PNR6F8Q,"realme 10W Fast Charging Micro-USB Cable (Braided, Black)",Computers&Accessories,Accessories&Peripherals,Cables&Accessories,Cables,USBCables,249,399,0.38,4,6558
B07M69276N,TP-Link AC1300 USB WiFi Adapter (Archer T3U) - 2.4G/5G Dual B,Computers&Accessories,NetworkingDevices,NetworkAdapters,WirelessUSBAdapters,,"1,399","2,499",0.44,4.4,23169
B0B1YZ9CB8,Acer 139 cm (55 inches) I Series 4K Ultra HD Android Smart LE,Electronics,"HomeTheater,TV&Video",Televisions,SmartTelevisions,,"32,999","47,990",0.31,4.3,4703
B09YLYB9PB,Ambrane 60W / 3A Fast Charging Output Cable with Micro to USB,Computers&Accessories,Accessories&Peripherals,Cables&Accessories,Cables,USBCables,149,399,0.63,4,1423
B08CTNJ985,Wayona USB Type C 65W Fast Charging 2M/6Ft Long Flash Charge ,Computers&Accessories,Accessories&Peripherals,Cables&Accessories,Cables,USBCables,325,999,0.67,4.3,2651
B0BP7XLX48,Syncwire LTG to USB Cable for Fast Charging Compatible with P,Computers&Accessories,Accessories&Peripherals,Cables&Accessories,Cables,USBCables,399,"1,999",0.8,5,5
B09LHXNZLR,"Skadioo WiFi Adapter for pc | Car Accessories, WiFi Dongle fo",Computers&Accessories,NetworkingDevices,NetworkAdapters,WirelessUSBAdapters,,199,499,0.6,3.7,612
B0B3N8VG24,FLiX (Beetel USB to Type C PVC Data Sync & 15W(3A) TPE Fast C,Computers&Accessories,Accessories&Peripherals,Cables&Accessories,Cables,USBCables,88,299,0.71,4,9378
B08PSVBB2X,Zoul USB C to USB C Fast Charging Cable 65W Type C to Type C ,Computers&Accessories,Accessories&Peripherals,Cables&Accessories,Cables,USBCables,399,"1,099",0.64,4.1,2685
B0B3MQXNFB,FLiX (Beetel Flow USB to Micro USB PVC Data Sync & 12W(2.4A) ,Computers&Accessories,Accessories&Peripherals,Cables&Accessories,Cables,USBCables,57.89,199,0.71,4,9378
B08XMSKKMM,7SEVEN® Bluetooth Voice Command Remote for Xiaomi Redmi Mi S,Electronics,"HomeTheater,TV&Video",Accessories,RemoteControls,,799,"1,999",0.6,3.3,576
B09L8DT7D6,Sony TV - Remote Compatible for Sony LED Remote Control Works,Electronics,"HomeTheater,TV&Video",Accessories,RemoteControls,,205,499,0.59,3.8,313
B00GE55L22,Storite USB 3.0 Cable A to Micro B high Speed Upto 5 Gbps Dat,Computers&Accessories,Accessories&Peripherals,Cables&Accessories,Cables,USBCables,299,699,0.57,4.1,2957
B0162K34H2,"boAt LTG 500 Apple MFI Certified for iPhone, iPad and iPod 2M",Computers&Accessories,Accessories&Peripherals,Cables&Accessories,Cables,USBCables,849,999,0.15,4.1,6736
B0B8SRZ5SV,AmazonBasics USB C to Lightning Aluminum with Nylon Braided M,Computers&Accessories,Accessories&Peripherals,Cables&Accessories,Cables,USBCables,949,"1,999",0.53,4.4,13552
B07CWNJLPC,AmazonBasics Double Braided Nylon USB Type-C to Type-C 2.0 Ca,Computers&Accessories,Accessories&Peripherals,Cables&Accessories,Cables,USBCables,499,"1,200",0.58,4.3,5451
B00NH12R1O,Amazon Basics USB 3.0 Cable - A Male to Micro B - 6 Feet (1.8,Computers&Accessories,Accessories&Peripherals,Cables&Accessories,Cables,USBCables,299,485,0.38,4.3,10911
B0B8SSC5D9,AmazonBasics USB C to Lightning Aluminum with Nylon Braided M,Computers&Accessories,Accessories&Peripherals,Cables&Accessories,Cables,USBCables,949,"1,999",0.53,4.4,13552
B08WKG2MWT,Wayona Usb C 65W Fast Charging Cable Compatible For Tablets S,Computers&Accessories,Accessories&Peripherals,Cables&Accessories,Cables,USBCables,379,"1,099",0.66,4.3,2806
B0B466C3G4,Karbonn 80 cm (32 inches) Millenium Bezel-Less Series HD Read,Electronics,"HomeTheater,TV&Video",Televisions,SmartTelevisions,,"8,990","18,990",0.53,3.9,350
B005LJQMZC,BlueRigger Digital Optical Audio Toslink Cable (6 Feet / 1.8 ,Electronics,"HomeTheater,TV&Video",Accessories,Cables,OpticalCables,486,"1,999",0.76,4.2,30023
B07MDRGHWQ,VW 60 cm (24 inches) Premium Series HD Ready LED TV VW24A (Bl,Electronics,"HomeTheater,TV&Video",Televisions,StandardTelevisions,,"5,699","11,000",0.48,4.2,4003
B07DC4RZPY,Amazon Basics USB A to Lightning MFi Certified Charging Cable,Computers&Accessories,Accessories&Peripherals,Cables&Accessories,Cables,USBCables,709,"1,999",0.65,4.1,178817
B0B15GSPQW,Samsung 138 cm (55 inches) Crystal 4K Neo Series Ultra HD Sma,Electronics,"HomeTheater,TV&Video",Televisions,SmartTelevisions,,"47,990","70,900",0.32,4.3,7109
B08GJNM9N7,LOHAYA Television Remote Compatible for VU LED LCD HD Tv Remo,Electronics,"HomeTheater,TV&Video",Accessories,RemoteControls,,299,"1,199",0.75,3.7,490
B09C6FML9B,"Duracell Micro USB 3A Braided Sync & Fast Charging Cable, 3.9",Computers&Accessories,Accessories&Peripherals,Cables&Accessories,Cables,USBCables,320,599,0.47,4.1,491
B0B65MJ45G,Zebronics CU3100V Fast charging Type C cable with QC 18W supp,Computers&Accessories,Accessories&Peripherals,Cables&Accessories,Cables,USBCables,139,549,0.75,3.9,61
B08P9RYPLR,FLiX (Beetel) USB to iPhone Lightning Textured Pattern Data S,Computers&Accessories,Accessories&Peripherals,Cables&Accessories,Cables,USBCables,129,249,0.48,4,9378
B0B6F8HHR6,MI 108 cm (43 inches) 5A Series Full HD Smart Android LED TV ,Electronics,"HomeTheater,TV&Video",Televisions,SmartTelevisions,,"24,999","35,999",0.31,4.2,32840
B084MZXJN6,Belkin Apple Certified Lightning to USB Charge and Sync Cable,Computers&Accessories,Accessories&Peripherals,Cables&Accessories,Cables,USBCables,999,"1,699",0.41,4.4,7318
B08XMG618K,Time Office Scanner Replacement Cable for Startek FM220U (Typ,Computers&Accessories,Accessories&Peripherals,Cables&Accessories,Cables,USBCables,225,499,0.55,4.1,789
B0BCKWZ884,Caldipree Silicone Case Cover Compatible for 2022 Samsung Sma,Electronics,"HomeTheater,TV&Video",Accessories,RemoteControls,,547,"2,999",0.82,4.3,407
B00GGGOYEK,Storite USB 2.0 A to Mini 5 pin B Cable for External HDDS/Cam,Computers&Accessories,Accessories&Peripherals,Cables&Accessories,Cables,USBCables,259,699,0.63,3.8,2399
B07ZR4S1G4,Universal Remote Control for All Sony TV for All LCD LED and ,Electronics,"HomeTheater,TV&Video",Accessories,RemoteControls,,239,699,0.66,4.4,2640
B09C635BMM,Cotbolt Silicone Case Cover Compatible for Samsung BN59-01312,Electronics,"HomeTheater,TV&Video",Accessories,RemoteControls,,349,999,0.65,4,839
B00GG59HU2,"BlueRigger High Speed HDMI Cable with Ethernet - Supports 3D,",Electronics,"HomeTheater,TV&Video",Accessories,Cables,HDMICables,467,599,0.22,4.4,44054
B00RGLI0ZS,Amkette 30 Pin to USB Charging & Data Sync Cable for iPhone 3,Computers&Accessories,Accessories&Peripherals,Cables&Accessories,Cables,USBCables,449,599,0.25,4,3231
B09ZPJT8B2,TCL 80 cm (32 inches) HD Ready Certified Android Smart LED TV,Electronics,"HomeTheater,TV&Video",Televisions,SmartTelevisions,,"11,990","31,990",0.63,4.2,64
B07HZ2QCGR,POPIO Type C Dash Charging USB Data Cable for OnePlus Devices,Computers&Accessories,Accessories&Peripherals,Cables&Accessories,Cables,USBCables,350,599,0.42,3.9,8314
B095244Q22,MYVN LTG to USB for Fast Charging & Data Sync USB Cable Comp,Computers&Accessories,Accessories&Peripherals,Cables&Accessories,Cables,USBCables,252,999,0.75,3.7,2249
B08CKW1KH9,Tata Sky Universal Remote Compatible for SD/HD,Electronics,"HomeTheater,TV&Video",Accessories,RemoteControls,,204,599,0.66,3.6,339
B0BLV1GNLN,WZATCO Pixel | Portable LED Projector | Native 720p with Full,Electronics,"HomeTheater,TV&Video",Projectors,,,"6,490","9,990",0.35,4,27
B08RHPDNVV,7SEVEN® Compatible Tata Sky Remote Control Replacement of Or,Electronics,"HomeTheater,TV&Video",Accessories,RemoteControls,,235,599,0.61,3.5,197
B00NH13Q8W,"AmazonBasics USB 2.0 Extension Cable for Personal Computer, P",Computers&Accessories,Accessories&Peripherals,Cables&Accessories,Cables,USBCables,299,800,0.63,4.5,74977
B0B8SSZ76F,Amazon Basics USB C to Lightning TPE MFi Certified Charging C,Computers&Accessories,Accessories&Peripherals,Cables&Accessories,Cables,USBCables,799,"1,999",0.6,4.2,8583
B0841KQR1Z,Crypo™ Universal Remote Compatible with Tata Sky Universal ,Electronics,"HomeTheater,TV&Video",Accessories,RemoteControls,,299,999,0.7,3.8,928
B0B467CCB9,Karbonn 80 cm (32 Inches) Millennium Series HD Ready LED TV K,Electronics,"HomeTheater,TV&Video",Televisions,StandardTelevisions,,"6,999","16,990",0.59,3.8,110
B095JQVC7N,OnePlus 138.7 cm (55 inches) U Series 4K LED Smart Android TV,Electronics,"HomeTheater,TV&Video",Televisions,SmartTelevisions,,"42,999","59,999",0.28,4.1,6753
B08PPHFXG3,Posh 1.5 Meter High Speed Gold Plated HDMI Male to Female Ext,Electronics,"HomeTheater,TV&Video",Accessories,Cables,HDMICables,173,999,0.83,4.3,1237
B06XR9PR5X,"Amazon Basics HDMI Coupler,Black",Electronics,HomeAudio,Accessories,Adapters,,209,600,0.65,4.4,18872
B09JSW16QD,boAt LTG 550v3 Lightning Apple MFi Certified Cable with Space,Computers&Accessories,Accessories&Peripherals,Cables&Accessories,Cables,USBCables,848.99,"1,490",0.43,3.9,356
B07JH1CBGW,Wayona Nylon Braided Usb Syncing And Charging Cable Sync And ,Computers&Accessories,Accessories&Peripherals,Cables&Accessories,Cables,USBCables,649,"1,999",0.68,4.2,24269
B09127FZCK,Astigo Compatible Remote for Airtel Digital Set Top Box (Pair,Electronics,"HomeTheater,TV&Video",Accessories,RemoteControls,,299,899,0.67,3.8,425
B083GQGT3Z,Caprigo Heavy Duty TV Wall Mount Stand for 12 to 27 inches LE,Electronics,"HomeTheater,TV&Video",Accessories,"TVMounts,Stands&Turntables",TVWall&CeilingMounts,399,799,0.5,4.1,1161
B09Q8WQ5QJ,Portronics Konnect L 60W PD Type C to Type C Mobile Charging ,Computers&Accessories,Accessories&Peripherals,Cables&Accessories,Cables,USBCables,249,499,0.5,4.1,1508
B07YZG8PPY,TATA SKY HD Connection with 1 month basic package and free in,Electronics,"HomeTheater,TV&Video",SatelliteEquipment,SatelliteReceivers,,"1,249","2,299",0.46,4.3,7636
B09H39KTTB,Remote Compatible for Samsung LED/LCD Remote Control Works wi,Electronics,"HomeTheater,TV&Video",Accessories,RemoteControls,,213,499,0.57,3.7,246
B08DCVRW98,SoniVision SA-D10 SA-D100 SA-D40 Home Theater Systems Remote ,Electronics,"HomeTheater,TV&Video",Accessories,RemoteControls,,209,499,0.58,4,479
B0718ZN31Q,Rts™ High Speed 3D Full HD 1080p Support (10 Meters) HDMI M,Electronics,"HomeTheater,TV&Video",Accessories,Cables,HDMICables,598,"4,999",0.88,4.2,910
B0162LYSFS,"boAt LTG 500 Apple MFI Certified for iPhone, iPad and iPod 2M",Computers&Accessories,Accessories&Peripherals,Cables&Accessories,Cables,USBCables,799,"1,749",0.54,4.1,5626
B07PFJ5VQD,Agaro Blaze USBA to micro +Type C 2in1 Braided 1.2M Cable,Computers&Accessories,Accessories&Peripherals,Cables&Accessories,Cables,USBCables,159,595,0.73,4.3,14184
B01J8S6X2I,AmazonBasics 6 Feet DisplayPort to DisplayPort Cable - (Not H,Computers&Accessories,Accessories&Peripherals,Cables&Accessories,Cables,DVICables,499,"1,100",0.55,4.4,25177
B09MJ77786,MI 108 cm (43 inches) 5X Series 4K Ultra HD LED Smart Android,Electronics,"HomeTheater,TV&Video",Televisions,SmartTelevisions,,"31,999","49,999",0.36,4.3,21252
B09NNGHG22,Sansui 140cm (55 inches) 4K Ultra HD Certified Android LED TV,Electronics,"HomeTheater,TV&Video",Televisions,SmartTelevisions,,"32,990","56,790",0.42,4.3,567
B07V5YF4ND,LOHAYA LCD/LED Remote Compatible for Sony Bravia Smart LCD LE,Electronics,"HomeTheater,TV&Video",Accessories,RemoteControls,,299,"1,199",0.75,3.5,466
B0B65P827P,Zebronics CU3100V Fast charging Type C cable with QC 18W supp,Computers&Accessories,Accessories&Peripherals,Cables&Accessories,Cables,USBCables,128.31,549,0.77,3.9,61
B084MZYBTV,"Belkin USB C to USB-C Fast Charging Type C Cable, 60W PD, 3.3",Computers&Accessories,Accessories&Peripherals,Cables&Accessories,Cables,USBCables,599,849,0.29,4.5,474
B097ZQTDVZ,7SEVEN® TCL Remote Control Smart TV RC802V Remote Compatible,Electronics,"HomeTheater,TV&Video",Accessories,RemoteControls,,399,899,0.56,3.4,431
B0B5F3YZY4,Wayona 3in1 Nylon Braided 66W USB Fast Charging Cable with Ty,Computers&Accessories,Accessories&Peripherals,Cables&Accessories,Cables,USBCables,449,"1,099",0.59,4,242
B09G5TSGXV,"Hi-Mobiler iPhone Charger Lightning Cable,2 Pack Apple MFi Ce",Computers&Accessories,Accessories&Peripherals,Cables&Accessories,Cables,USBCables,254,799,0.68,4,2905
B006LW0WDQ,Amazon Basics 16-Gauge Speaker Wire - 50 Feet,Electronics,"HomeTheater,TV&Video",Accessories,Cables,SpeakerCables,399,795,0.5,4.4,12091
B09YLX91QR,Ambrane 60W / 3A Fast Charging Output Cable with Type-C to US,Computers&Accessories,Accessories&Peripherals,Cables&Accessories,Cables,USBCables,179,399,0.55,4,1423
B081FJWN52,Wayona Usb Type C To Usb Nylon Braided Quick Charger Fast Cha,Computers&Accessories,Accessories&Peripherals,Cables&Accessories,Cables,USBCables,339,999,0.66,4.3,6255
B0758F7KK7,Caprigo Heavy Duty TV Wall Mount Bracket for 14 to 32 Inch LE,Electronics,"HomeTheater,TV&Video",Accessories,"TVMounts,Stands&Turntables",TVWall&CeilingMounts,399,999,0.6,4,1236
B09L835C3V,"Smashtronics® - Case for Firetv Remote, Fire Stick Remote Co",Electronics,"HomeTheater,TV&Video",Accessories,RemoteControls,,199,399,0.5,4.2,1335
B098TV3L96,Electvision Remote Control for led Smart tv Compatible with V,Electronics,"HomeTheater,TV&Video",Accessories,RemoteControls,,349,"1,999",0.83,3.8,197
B08NCKT9FG,Boat A 350 Type C Cable 1.5m(Jet Black),Computers&Accessories,Accessories&Peripherals,Cables&Accessories,Cables,USBCables,299,798,0.63,4.4,28791
B0B4T6MR8N,"pTron Solero M241 2.4A Micro USB Data & Charging Cable, Made ",Computers&Accessories,Accessories&Peripherals,Cables&Accessories,Cables,USBCables,89,800,0.89,3.9,1075
B01GGKZ4NU,AmazonBasics USB Type-C to USB Type-C 2.0 Cable for Charging ,Computers&Accessories,Accessories&Peripherals,Cables&Accessories,Cables,USBCables,549,995,0.45,4.2,29746
B09BW2GP18,Croma 3A Fast charge 1m Type-C to All Type-C Phones sync and ,Computers&Accessories,Accessories&Peripherals,Cables&Accessories,Cables,USBCables,129,"1,000",0.87,3.9,295
B09WN3SRC7,Sony Bravia 164 cm (65 inches) 4K Ultra HD Smart LED Google T,Electronics,"HomeTheater,TV&Video",Televisions,SmartTelevisions,,"77,990","1,39,900",0.44,4.7,5935
B09B125CFJ,7SEVEN® Compatible for Mi tv Remote Control Original Suitabl,Electronics,"HomeTheater,TV&Video",Accessories,RemoteControls,,349,799,0.56,3.6,323
B09RQRZW2X,7SEVEN® Compatible Vu Smart Tv Remote Control Suitable for O,Electronics,"HomeTheater,TV&Video",Accessories,RemoteControls,,499,899,0.44,3.7,185
B07924P3C5,Storite High Speed Micro USB 3.0 Cable A to Micro B for Exter,Computers&Accessories,Accessories&Peripherals,Cables&Accessories,Cables,USBCables,299,799,0.63,4.2,2117
B08N1WL9XW,FLiX (Beetel) 3in1 (Type C|Micro|Iphone Lightening) Textured ,Computers&Accessories,Accessories&Peripherals,Cables&Accessories,Cables,USBCables,182,599,0.7,4,9378
B07VVXJ2P5,SVM Products Unbreakable Set Top Box Stand with Dual Remote H,Electronics,"HomeTheater,TV&Video",Accessories,"TVMounts,Stands&Turntables",TVWall&CeilingMounts,96,399,0.76,3.6,1796
B0BC8BQ432,VU 164 cm (65 inches) The GloLED Series 4K Smart LED Google T,Electronics,"HomeTheater,TV&Video",Televisions,SmartTelevisions,,"54,990","85,000",0.35,4.3,3587
B06XFTHCNY,"CableCreation RCA to 3.5mm Male Audio Cable, 3.5mm to 2RCA Ca",Electronics,"HomeTheater,TV&Video",Accessories,Cables,RCACables,439,758,0.42,4.2,4296
B08CT62BM1,Wayona USB Type C Fast Charging Cable Charger Cord 3A QC 3.0 ,Computers&Accessories,Accessories&Peripherals,Cables&Accessories,Cables,USBCables,299,999,0.7,4.3,2651
B07CRL2GY6,boAt Rugged V3 Braided Micro USB Cable (Pearl White),Computers&Accessories,Accessories&Peripherals,Cables&Accessories,Cables,USBCables,299,799,0.63,4.2,94363
B07DWFX9YS,Amazon Basics USB A to Lightning PVC Molded Nylon MFi Certifi,Computers&Accessories,Accessories&Peripherals,Cables&Accessories,Cables,USBCables,789,"1,999",0.61,4.2,34540
B01D5H90L4,AmazonBasics - High-Speed Male to Female HDMI Extension Cable,Electronics,"HomeTheater,TV&Video",Accessories,Cables,HDMICables,299,700,0.57,4.4,8714
B07F1P8KNV,Wayona Nylon Braided Usb Type C 3Ft 1M 3A Fast Charger Cable ,Computers&Accessories,Accessories&Peripherals,Cables&Accessories,Cables,USBCables,325,"1,099",0.7,4.2,10576
B084N1BM9L,Belkin Apple Certified Lightning to USB Charge and Sync Tough,Computers&Accessories,Accessories&Peripherals,Cables&Accessories,Cables,USBCables,"1,299","1,999",0.35,4.4,7318
B09F6D21BY,7SEVEN Compatible LG TV Remote Suitable for LG Non Magic Smar,Electronics,"HomeTheater,TV&Video",Accessories,RemoteControls,,790,"1,999",0.6,3,103
B09LQQYNZQ,Realme Smart TV Stick 4K,Electronics,HomeAudio,MediaStreamingDevices,StreamingClients,,"4,699","4,699",0,4.5,224
B0BC9BW512,Acer 100 cm (40 inches) P Series Full HD Android Smart LED TV,Electronics,"HomeTheater,TV&Video",Televisions,SmartTelevisions,,"18,999","24,990",0.24,4.3,4702
B0B61HYR92,"Lapster usb 2.0 mantra cable, mantra mfs 100 data cable (blac",Computers&Accessories,Accessories&Peripherals,Cables&Accessories,Cables,USBCables,199,999,0.8,4.2,85
B075ZTJ9XR,AmazonBasics High-Speed Braided HDMI Cable - 3 Feet - Support,Electronics,"HomeTheater,TV&Video",Accessories,Cables,HDMICables,269,650,0.59,4.4,35877
B0978V2CP6,Cubetek 3 in 1 LCD Display V5.0 Bluetooth Transmitter Receive,Electronics,"HomeTheater,TV&Video",AVReceivers&Amplifiers,,,"1,990","3,100",0.36,4,897
B09LRZYBH1,"KRISONS Thunder Speaker, Multimedia Home Theatre, Floor Stand",Electronics,HomeAudio,Speakers,TowerSpeakers,,"2,299","3,999",0.43,3.8,282
B0B997FBZT,Acer 139 cm (55 inches) H Series 4K Ultra HD Android Smart LE,Electronics,"HomeTheater,TV&Video",Televisions,SmartTelevisions,,"35,999","49,990",0.28,4.3,1611
B098LCVYPW,Dealfreez Case Compatible for Fire TV Stick 4K All Alexa Voic,Electronics,"HomeTheater,TV&Video",Accessories,RemoteControls,,349,999,0.65,4.2,513
B09HV71RL1,Wayona Type C to Lightning MFI Certified 20W Fast charging Ny,Computers&Accessories,Accessories&Peripherals,Cables&Accessories,Cables,USBCables,719,"1,499",0.52,4.1,1045
B08PZ6HZLT,VW 80 cm (32 inches) HD Ready Android Smart LED TV VW32PRO (B,Electronics,"HomeTheater,TV&Video",Televisions,SmartTelevisions,,"8,999","18,999",0.53,4,6347
B075TJHWVC,Airtel Digital TV HD Set Top Box with 1 Month Basic Pack with,Electronics,"HomeTheater,TV&Video",SatelliteEquipment,SatelliteReceivers,,917,"2,299",0.6,4.2,3300
B09LV13JFB,LOHAYA Voice Assistant Remote Compatible for Airtel Xstream S,Electronics,"HomeTheater,TV&Video",Accessories,RemoteControls,,399,999,0.6,3.3,23
B092BL5DCX,Samsung 138 cm (55 inches) Crystal 4K Series Ultra HD Smart L,Electronics,"HomeTheater,TV&Video",Televisions,SmartTelevisions,,"45,999","69,900",0.34,4.3,7109
B09VH568H7,Amazon Brand - Solimo 3A Fast Charging Tough Type C USB Data ,Computers&Accessories,Accessories&Peripherals,Cables&Accessories,Cables,USBCables,119,299,0.6,3.8,51
B09HQSV46W,Mi 100 cm (40 inches) Horizon Edition Full HD Android LED TV ,Electronics,"HomeTheater,TV&Video",Televisions,SmartTelevisions,,"21,999","29,999",0.27,4.2,32840
B08TZD7FQN,"Astigo Compatible Remote Control for Mi Smart LED 4A (43""/32""",Electronics,"HomeTheater,TV&Video",Accessories,RemoteControls,,299,599,0.5,3.7,708
B0B21XL94T,Toshiba 108 cm (43 inches) V Series Full HD Smart Android LED,Electronics,"HomeTheater,TV&Video",Televisions,SmartTelevisions,,"21,990","34,990",0.37,4.3,1657
B09PTT8DZF,Lenovo USB A to Type-C Tangle-free  Aramid fiber braided 1,Computers&Accessories,Accessories&Peripherals,Cables&Accessories,Cables,USBCables,417.44,670,0.38,3.9,523
B0B94JPY2N,Amazon Brand - Solimo 65W Fast Charging Braided Type C to C D,Computers&Accessories,Accessories&Peripherals,Cables&Accessories,Cables,USBCables,199,999,0.8,3,
B0B3XXSB1K,LG 139 cm (55 inches) 4K Ultra HD Smart LED TV 55UQ7500PSF (C,Electronics,"HomeTheater,TV&Video",Televisions,SmartTelevisions,,"47,990","79,990",0.4,4.3,1376
B08RZ12GKR,Tata Sky Digital TV HD Setup Box Remote,Electronics,"HomeTheater,TV&Video",Accessories,RemoteControls,,215,499,0.57,3.5,121
B0B4T8RSJ1,"pTron Solero T241 2.4A Type-C Data & Charging USB Cable, Made",Computers&Accessories,Accessories&Peripherals,Cables&Accessories,Cables,USBCables,99,800,0.88,3.9,1075
B0B7B9V9QP,VU 108 cm (43 inches) Premium Series Full HD Smart LED TV 43G,Electronics,"HomeTheater,TV&Video",Televisions,SmartTelevisions,,"18,999","35,000",0.46,4,1001
B08XXVXP3J,Storite Super Speed USB 3.0 Male to Male Cable for Hard Drive,Computers&Accessories,Accessories&Peripherals,Cables&Accessories,Cables,USBCables,249,999,0.75,4.3,112
B06XGWRKYT,Kodak 80 cm (32 Inches) HD Ready LED TV Kodak 32HDX900S (Blac,Electronics,"HomeTheater,TV&Video",Televisions,StandardTelevisions,,"7,999","15,999",0.5,3.8,3022
B07CWDX49D,AmazonBasics Double Braided Nylon USB Type-C to Type-C 2.0 Ca,Computers&Accessories,Accessories&Peripherals,Cables&Accessories,Cables,USBCables,649,"1,600",0.59,4.3,5451
B09TY4MSH3,Firestick Remote,Electronics,"HomeTheater,TV&Video",Accessories,RemoteControls,,"1,289","2,499",0.48,3.3,73
B07RY2X9MP,AmazonBasics 10.2 Gbps High-Speed 4K HDMI Cable with Braided ,Electronics,"HomeTheater,TV&Video",Accessories,Cables,HDMICables,609,"1,500",0.59,4.5,1029
B0B2C5MJN6,Hisense 126 cm (50 inches) Bezelless Series 4K Ultra HD Smart,Electronics,"HomeTheater,TV&Video",Televisions,SmartTelevisions,,"32,990","54,990",0.4,4.1,1555
B0BBMGLQDW,"Tuarso 8K HDMI 2.1 Cable 48Gbps , 1.5 Meter High-Speed Braide",Electronics,"HomeTheater,TV&Video",Accessories,Cables,HDMICables,599,"1,999",0.7,4.2,47
B01LONQBDG,AmazonBasics USB Type-C to Micro-B 2.0 Cable - 6 Inches (15.2,Computers&Accessories,Accessories&Peripherals,Cables&Accessories,Cables,USBCables,349,899,0.61,4.1,14896
B08XXF5V6G,Kodak 139 cm (55 inches) 4K Ultra HD Smart LED TV 55CA0909 (B,Electronics,"HomeTheater,TV&Video",Televisions,SmartTelevisions,,"29,999","50,999",0.41,4.4,1712
B09HK9JH4F,"Smashtronics® - Case for Firetv Remote, Fire Stick Remote Co",Electronics,"HomeTheater,TV&Video",Accessories,RemoteControls,,199,399,0.5,4.2,1335
B09MMD1FDN,7SEVEN® Suitable Sony Tv Remote Original Bravia for Smart An,Electronics,"HomeTheater,TV&Video",Accessories,RemoteControls,,349,699,0.5,3.9,214
B09HN7LD5L,PROLEGEND® PL-T002 Universal TV Stand Table Top for Most 22 ,Electronics,"HomeTheater,TV&Video",Accessories,"TVMounts,Stands&Turntables",TVWall&CeilingMounts,"1,850","4,500",0.59,4,184
B0BNDD9TN6,WANBO X1 Pro (Upgraded) | Native 1080P Full HD | Android 9 | ,Electronics,"HomeTheater,TV&Video",Projectors,,,"13,990","28,900",0.52,4.5,7
B0941392C8,Lava Charging Adapter Elements D3 2A Fast Charging Speed Usb ,Computers&Accessories,Accessories&Peripherals,Cables&Accessories,Cables,USBCables,129,449,0.71,3.7,41
B01M5967SY,TIZUM High Speed HDMI Cable Aura -Gold Plated-High Speed Data,Electronics,"HomeTheater,TV&Video",Accessories,Cables,HDMICables,379,999,0.62,4.2,12153
B016MDK4F4,Technotech High Speed HDMI Cable 5 Meter V1.4 - Supports Full,Electronics,"HomeTheater,TV&Video",Accessories,Cables,HDMICables,185,499,0.63,4.2,25
B08G43CCLC,NK STAR 950 Mbps USB WiFi Adapter Wireless Network Receiver D,Computers&Accessories,NetworkingDevices,NetworkAdapters,WirelessUSBAdapters,,218,999,0.78,4.2,163
B0B61GCHC1,"LS LAPSTER Quality Assured USB 2.0 morpho cable, morpho devic",Computers&Accessories,Accessories&Peripherals,Cables&Accessories,Cables,USBCables,199,999,0.8,4.3,87
B07RX14W1Q,Amazon Basics 10.2 Gbps High-Speed 4K HDMI Cable with Braided,Electronics,"HomeTheater,TV&Video",Accessories,Cables,HDMICables,499,900,0.45,4.4,2165
B09PLD9TCD,Kodak 126 cm (50 inches) Bezel-Less Design Series 4K Ultra HD,Electronics,"HomeTheater,TV&Video",Televisions,SmartTelevisions,,"26,999","42,999",0.37,4.2,1510
B0B8ZKWGKD,ZORBES® Wall Adapter Holder for Alexa Echo Dot 4th Generatio,Electronics,"HomeTheater,TV&Video",Accessories,"TVMounts,Stands&Turntables",TVWall&CeilingMounts,893,"1,052",0.15,4.3,106
B09NNJ9WYM,Sansui 80cm (32 inches) HD Ready Smart LED TV JSY32SKHD (BLAC,Electronics,"HomeTheater,TV&Video",Televisions,SmartTelevisions,,"10,990","19,990",0.45,3.7,129
B08H5L8V1L,Synqe USB Type C Fast Charging Cable 2M Charger Cord Data Cab,Computers&Accessories,Accessories&Peripherals,Cables&Accessories,Cables,USBCables,379,"1,099",0.66,4.3,3049
B0B8CXTTG3,MI 80 cm (32 inches) HD Ready Smart Android LED TV 5A Pro | L,Electronics,"HomeTheater,TV&Video",Televisions,SmartTelevisions,,"16,999","25,999",0.35,4.2,32840
B09HCH3JZG,Bestor ® 8K Hdmi 2.1 Cable 48Gbps 9.80Ft/Ultra High Speed Hd,Electronics,"HomeTheater,TV&Video",Accessories,Cables,HDMICables,699,"1,899",0.63,4.4,390
B097JVLW3L,Irusu Play VR Plus Virtual Reality Headset with Headphones fo,Electronics,"HomeTheater,TV&Video",Accessories,3DGlasses,,"2,699","3,500",0.23,3.5,621
B09SB6SJB4,Amazon Brand - Solimo Fast Charging Braided Type C Data Cable,Computers&Accessories,Accessories&Peripherals,Cables&Accessories,Cables,USBCables,129,599,0.78,4.1,265
B08NW8GHCJ,Synqe USB C to USB C 60W Nylon Braided Fast Charging Type C t,Computers&Accessories,Accessories&Peripherals,Cables&Accessories,Cables,USBCables,389,999,0.61,4.3,838
B09YHLPQYT,Shopoflux Silicone Remote Cover for Mi Smart TV and Mi TV Sti,Electronics,"HomeTheater,TV&Video",Accessories,RemoteControls,,246,600,0.59,4.2,143
B08G1RW2Q3,EYNK Extra Long Micro USB Fast Charging USB Cable | Micro USB,Computers&Accessories,Accessories&Peripherals,Cables&Accessories,Cables,USBCables,299,799,0.63,4,151
B08YXJJW8H,"LUNAGARIYA®, Protective Case Compatible with JIO Settop Box ",Electronics,"HomeTheater,TV&Video",Accessories,RemoteControls,,247,399,0.38,3.9,200
B09P8M18QM,7SEVEN® Compatible with Fire Tv Stick Remote with Voice Comm,Electronics,"HomeTheater,TV&Video",Accessories,RemoteControls,,"1,369","2,999",0.54,3.3,227
B08BG4M4N7,"PRUSHTI COVER AND BAGS, Protective Case for Airtel Xstream se",Electronics,"HomeTheater,TV&Video",Accessories,RemoteControls,,199,499,0.6,3.8,538
B07VJ9ZTXS,Aine HDMI Male to VGA Female Video Converter Adapter Cable (B,Electronics,"HomeTheater,TV&Video",Accessories,Cables,HDMICables,299,599,0.5,4,171
B084872DQY,Mi 80 cm (32 inches) HD Ready Android Smart LED TV 4A PRO | L,Electronics,"HomeTheater,TV&Video",Televisions,SmartTelevisions,,"14,999","14,999",0,4.3,27508
B00GGGOYEU,Storite USB 2.0 A to Mini 5 pin B Cable for External HDDS/Cam,Computers&Accessories,Accessories&Peripherals,Cables&Accessories,Cables,USBCables,299,699,0.57,3.9,1454
B08FD2VSD9,TCL 108 cm (43 inches) 4K Ultra HD Certified Android Smart LE,Electronics,"HomeTheater,TV&Video",Televisions,SmartTelevisions,,"24,990","51,990",0.52,4.2,2951
B0BQRJ3C47,"REDTECH USB-C to Lightning Cable 3.3FT, [Apple MFi Certified]",Computers&Accessories,Accessories&Peripherals,Cables&Accessories,Cables,USBCables,249,999,0.75,5,
B095JPKPH3,OnePlus 163.8 cm (65 inches) U Series 4K LED Smart Android TV,Electronics,"HomeTheater,TV&Video",Televisions,SmartTelevisions,,"61,999","69,999",0.11,4.1,6753
B087JWLZ2K,AmazonBasics 108 cm (43 inches) 4K Ultra HD Smart LED Fire TV,Electronics,"HomeTheater,TV&Video",Televisions,SmartTelevisions,,"24,499","50,000",0.51,3.9,3518
B09DSXK8JX,Kodak 80 cm (32 inches) HD Ready Certified Android Smart LED ,Electronics,"HomeTheater,TV&Video",Televisions,SmartTelevisions,,"10,499","19,499",0.46,4.2,1510
B08V9C4B1J,Synqe Type C to Type C Short Fast Charging 60W Cable Compatib,Computers&Accessories,Accessories&Peripherals,Cables&Accessories,Cables,USBCables,349,999,0.65,4.3,838
B08PKBMJKS,Airtel DigitalTV HD Setup Box Remote,Electronics,"HomeTheater,TV&Video",Accessories,RemoteControls,,197,499,0.61,3.8,136
B0B8VQ7KDS,Airtel Digital TV HD Set Top Box with FTA Pack | Unlimited En,Electronics,"HomeTheater,TV&Video",SatelliteEquipment,SatelliteReceivers,,"1,299","2,499",0.48,4.3,301
B086JTMRYL,"ESR USB C to Lightning Cable, 10 ft (3 m), MFi-Certified, Bra",Computers&Accessories,Accessories&Peripherals,Cables&Accessories,Cables,USBCables,"1,519","1,899",0.2,4.4,19763
B09RWQ7YR6,MI 138.8 cm (55 inches) 5X Series 4K Ultra HD LED Smart Andro,Electronics,"HomeTheater,TV&Video",Televisions,SmartTelevisions,,"46,999","69,999",0.33,4.3,21252
B00OFM6PEO,Storite USB Extension Cable USB 3.0 Male to Female Extension ,Computers&Accessories,Accessories&Peripherals,Cables&Accessories,Cables,USBCables,299,799,0.63,4.3,1902
B0BF57RN3K,"Fire-Boltt Ninja Call Pro Plus 1.83"" Smart Watch with Bluetoo",Electronics,WearableTechnology,SmartWatches,,,"1,799","19,999",0.91,4.2,13937
B0B3RRWSF6,"Fire-Boltt Phoenix Smart Watch with Bluetooth Calling 1.3"",12",Electronics,WearableTechnology,SmartWatches,,,"1,998","9,999",0.8,4.3,27696
B0B5B6PQCT,"boAt Wave Call Smart Watch, Smart Talk with Advanced Dedicate",Electronics,WearableTechnology,SmartWatches,,,"1,999","7,990",0.75,3.8,17831
B08HV83HL3,MI Power Bank 3i 20000mAh Lithium Polymer 18W Fast Power Deli,Electronics,Mobiles&Accessories,MobileAccessories,Chargers,PowerBanks,"2,049","2,199",0.07,4.3,178912
B0BBN4DZBD,"Redmi A1 (Light Blue, 2GB RAM, 32GB Storage) | Segment Best A",Electronics,Mobiles&Accessories,Smartphones&BasicMobiles,Smartphones,,"6,499","8,999",0.28,4,7807
B0B3CPQ5PF,"OnePlus Nord 2T 5G (Jade Fog, 8GB RAM, 128GB Storage)",Electronics,Mobiles&Accessories,Smartphones&BasicMobiles,Smartphones,,"28,999","28,999",0,4.3,17415
B0B3CQBRB4,"OnePlus Nord 2T 5G (Gray Shadow, 8GB RAM, 128GB Storage)",Electronics,Mobiles&Accessories,Smartphones&BasicMobiles,Smartphones,,"28,999","28,999",0,4.3,17415
B0BBN56J5H,"Redmi A1 (Black, 2GB RAM, 32GB Storage) | Segment Best AI Dua",Electronics,Mobiles&Accessories,Smartphones&BasicMobiles,Smartphones,,"6,499","8,999",0.28,4,7807
B0BBN3WF7V,"Redmi A1 (Light Green, 2GB RAM 32GB ROM) | Segment Best AI Du",Electronics,Mobiles&Accessories,Smartphones&BasicMobiles,Smartphones,,"6,499","8,999",0.28,4,7807
B0BDRVFDKP,"SanDisk Ultra® microSDXC™ UHS-I Card, 64GB, 140MB/s R, 10 ",Electronics,Accessories,MemoryCards,MicroSD,,569,"1,000",0.43,4.4,67259
B0B5LVS732,"Noise Pulse Go Buzz Smart Watch Bluetooth Calling with 1.69"" ",Electronics,WearableTechnology,SmartWatches,,,"1,898","4,999",0.62,4.1,10689
B09V2Q4QVQ,"Nokia 105 Single SIM, Keypad Mobile Phone with Wireless FM Ra",Electronics,Mobiles&Accessories,Smartphones&BasicMobiles,BasicMobiles,,"1,299","1,599",0.19,4,128311
B09V12K8NT,"boAt Wave Lite Smartwatch with 1.69"" HD Display, Sleek Metal ",Electronics,WearableTechnology,SmartWatches,,,"1,499","6,990",0.79,3.9,21796
B01DEWVZ2C,"JBL C100SI Wired In Ear Headphones with Mic, JBL Pure Bass So",Electronics,"Headphones,Earbuds&Accessories",Headphones,In-Ear,,599,999,0.4,4.1,192590
B0BMGB3CH9,"Samsung Galaxy M04 Dark Blue, 4GB RAM, 64GB Storage | Upto 8G",Electronics,Mobiles&Accessories,Smartphones&BasicMobiles,Smartphones,,"9,499","11,999",0.21,4.2,284
B08D77XZX5,PTron Tangentbeat in-Ear Bluetooth 5.0 Wireless Headphones wi,Electronics,"Headphones,Earbuds&Accessories",Headphones,In-Ear,,599,"2,499",0.76,3.9,58162
B09XB8GFBQ,"Redmi 10A (Charcoal Black, 4GB RAM, 64GB Storage) | 2 Ghz Oct",Electronics,Mobiles&Accessories,Smartphones&BasicMobiles,Smartphones,,"8,999","11,999",0.25,4,12796
B07WG8PDCW,"pTron Bullet Pro 36W PD Quick Charger, 3 Port Fast Car Charge",Electronics,Mobiles&Accessories,MobileAccessories,Chargers,AutomobileChargers,349,"1,299",0.73,4,14282
B07GPXXNNG,boAt Bassheads 100 in Ear Wired Earphones with Mic(Taffy Pink,Electronics,"Headphones,Earbuds&Accessories",Headphones,In-Ear,,349,999,0.65,4.1,363713
B0BDYVC5TD,"SanDisk Ultra® microSDXC™ UHS-I Card, 128GB, 140MB/s R, 10",Electronics,Accessories,MemoryCards,MicroSD,,959,"1,800",0.47,4.4,67259
B0BMGB2TPR,"Samsung Galaxy M04 Light Green, 4GB RAM, 64GB Storage | Upto ",Electronics,Mobiles&Accessories,Smartphones&BasicMobiles,Smartphones,,"9,499","11,999",0.21,4.2,284
B08MC57J31,"MI 10000mAh Lithium Ion, Lithium Polymer Power Bank Pocket Pr",Electronics,Mobiles&Accessories,MobileAccessories,Chargers,PowerBanks,"1,499","2,499",0.4,4.3,15970
B08HVL8QN3,"Mi 10000mAH Li-Polymer, Micro-USB and Type C Input Port, Powe",Electronics,Mobiles&Accessories,MobileAccessories,Chargers,PowerBanks,"1,149","2,199",0.48,4.3,178912
B0746JGVDS,"ELV Car Mount Adjustable Car Phone Holder Universal Long Arm,",Electronics,Mobiles&Accessories,MobileAccessories,AutomobileAccessories,Cradles,349,999,0.65,3.9,46399
B08VFF6JQ8,Samsung 25W USB Travel Adapter for Cellular Phones - White,Electronics,Mobiles&Accessories,MobileAccessories,Chargers,WallChargers,"1,219","1,699",0.28,4.4,8891
B09NVPSCQT,"Noise ColorFit Pulse Grand Smart Watch with 1.69""(4.29cm) HD ",Electronics,WearableTechnology,SmartWatches,,,"1,599","3,999",0.6,4,30254
B09YV4RG4D,Fire-Boltt Ninja 3 Smartwatch Full Touch 1.69 & 60 Sports Mod,Electronics,WearableTechnology,SmartWatches,,,"1,499","7,999",0.81,4.2,22636
B09TWHTBKQ,"Samsung Galaxy M33 5G (Mystique Green, 8GB, 128GB Storage) | ",Electronics,Mobiles&Accessories,Smartphones&BasicMobiles,Smartphones,,"18,499","25,999",0.29,4.1,22318
B08L5HMJVW,"SanDisk Ultra microSD UHS-I Card 32GB, 120MB/s R",Electronics,Accessories,MemoryCards,MicroSD,,369,700,0.47,4.4,67259
B0B4F2XCK3,"Samsung Galaxy M13 (Aqua Green, 6GB, 128GB Storage) | 6000mAh",Electronics,Mobiles&Accessories,Smartphones&BasicMobiles,Smartphones,,"12,999","17,999",0.28,4.1,18998
B0BF54972T,"Fire-Boltt Ninja Call Pro Plus 1.83"" Smart Watch with Bluetoo",Electronics,WearableTechnology,SmartWatches,,,"1,799","19,999",0.91,4.2,13937
B09YV4MW2T,Fire-Boltt India's No 1 Smartwatch Brand Talk 2 Bluetooth Cal,Electronics,WearableTechnology,SmartWatches,,,"2,199","9,999",0.78,4.2,29471
B09TWH8YHM,"Samsung Galaxy M33 5G (Emerald Brown, 6GB, 128GB Storage) | 6",Electronics,Mobiles&Accessories,Smartphones&BasicMobiles,Smartphones,,"16,999","24,999",0.32,4.1,22318
B07WGMMQGP,"iQOO vivo Z6 5G (Chromatic Blue, 6GB RAM, 128GB Storage) | Sn",Electronics,Mobiles&Accessories,Smartphones&BasicMobiles,Smartphones,,"16,499","20,999",0.21,4,21350
B0BF563HB4,"Fire-Boltt Ninja Call Pro Plus 1.83"" Smart Watch with Bluetoo",Electronics,WearableTechnology,SmartWatches,,,"1,799","19,999",0.91,4.2,13937
B07JW9H4J1,Wayona Nylon Braided USB to Lightning Fast Charging and Data ,Computers&Accessories,Accessories&Peripherals,Cables&Accessories,Cables,USBCables,399,"1,099",0.64,4.2,24270
B09GFPVD9Y,"Redmi 9 Activ (Carbon Black, 4GB RAM, 64GB Storage) | Octa-co",Electronics,Mobiles&Accessories,Smartphones&BasicMobiles,Smartphones,,"8,499","10,999",0.23,4.1,313836
B09GFLXVH9,"Redmi 9A Sport (Coral Green, 2GB RAM, 32GB Storage) | 2GHz Oc",Electronics,Mobiles&Accessories,Smartphones&BasicMobiles,Smartphones,,"6,499","8,499",0.24,4.1,313836
B0BF4YBLPX,"Fire-Boltt Ninja Call Pro Plus 1.83"" Smart Watch with Bluetoo",Electronics,WearableTechnology,SmartWatches,,,"1,799","19,999",0.91,4.2,13937
B09XB7DPW1,"Redmi 10A (Sea Blue, 4GB RAM, 64GB Storage) | 2 Ghz Octa Core",Electronics,Mobiles&Accessories,Smartphones&BasicMobiles,Smartphones,,"8,999","11,999",0.25,4,12796
B07PFJ5W31,AGARO Blaze USB 3.0 to USB Type C OTG Adapter,Electronics,Mobiles&Accessories,MobileAccessories,Cables&Adapters,OTGAdapters,139,495,0.72,4.3,14185
B0B3N7LR6K,"Fire-Boltt Visionary 1.78"" AMOLED Bluetooth Calling Smartwatc",Electronics,WearableTechnology,SmartWatches,,,"3,999","16,999",0.76,4.3,17159
B09ZQK9X8G,Noise ColorFit Pro 4 Advanced Bluetooth Calling Smart Watch w,Electronics,WearableTechnology,SmartWatches,,,"2,998","5,999",0.5,4.1,5179
B098NS6PVG,Ambrane Unbreakable 60W / 3A Fast Charging 1.5m Braided Type ,Computers&Accessories,Accessories&Peripherals,Cables&Accessories,Cables,USBCables,199,349,0.43,4,43993
B07WJV6P1R,"iQOO Z6 Lite 5G by vivo (Stellar Green, 6GB RAM, 128GB Storag",Electronics,Mobiles&Accessories,Smartphones&BasicMobiles,Smartphones,,"15,499","18,999",0.18,4.1,19252
B096MSW6CT,Sounce Fast Phone Charging Cable & Data Sync USB Cable Compat,Computers&Accessories,Accessories&Peripherals,Cables&Accessories,Cables,USBCables,199,999,0.8,3.9,7928
B0BF54LXW6,"Fire-Boltt Ninja Call Pro Plus 1.83"" Smart Watch with Bluetoo",Electronics,WearableTechnology,SmartWatches,,,"1,799","19,999",0.91,4.2,13937
B09XB7SRQ5,"Redmi 10A (Slate Grey, 4GB RAM, 64GB Storage) | 2 Ghz Octa Co",Electronics,Mobiles&Accessories,Smartphones&BasicMobiles,Smartphones,,"8,999","11,999",0.25,4,12796
B09FFK1PQG,Duracell 38W Fast Car Charger Adapter with Dual Output. Quick,Electronics,Mobiles&Accessories,MobileAccessories,Chargers,AutomobileChargers,873,"1,699",0.49,4.4,1680
B09RMQYHLH,"realme narzo 50 (Speed Blue, 4GB RAM+64GB Storage) Helio G96 ",Electronics,Mobiles&Accessories,Smartphones&BasicMobiles,Smartphones,,"12,999","15,999",0.19,4.2,13246
B08ZN4B121,WeCool Bluetooth Extendable Selfie Sticks with Wireless Remot,Electronics,Mobiles&Accessories,MobileAccessories,Photo&VideoAccessories,Tripods,539,"1,599",0.66,3.8,14648
B0B3RSDSZ3,"Fire-Boltt Phoenix Smart Watch with Bluetooth Calling 1.3"",12",Electronics,WearableTechnology,SmartWatches,,,"1,999","9,999",0.8,4.3,27696
B08VB34KJ1,"OPPO A74 5G (Fantastic Purple,6GB RAM,128GB Storage) with No ",Electronics,Mobiles&Accessories,Smartphones&BasicMobiles,Smartphones,,"15,490","20,990",0.26,4.2,32916
B09T39K9YL,"Redmi Note 11 Pro + 5G (Stealth Black, 6GB RAM, 128GB Storage",Electronics,Mobiles&Accessories,Smartphones&BasicMobiles,Smartphones,,"19,999","24,999",0.2,3.9,25824
B08VF8V79P,Samsung Original 25W USB Travel Lightning Adapter for Cellula,Electronics,Mobiles&Accessories,MobileAccessories,Chargers,WallChargers,"1,075","1,699",0.37,4.4,7462
B08G28Z33M,realme Buds Classic Wired in Ear Earphones with Mic (Black),Electronics,"Headphones,Earbuds&Accessories",Headphones,In-Ear,,399,699,0.43,4,37817
B09PNKXSKF,"Noise ColorFit Pulse Grand Smart Watch with 1.69"" HD Display,",Electronics,WearableTechnology,SmartWatches,,,"1,999","3,990",0.5,4,30254
B0B5DDJNH4,"boAt Wave Call Smart Watch, Smart Talk with Advanced Dedicate",Electronics,WearableTechnology,SmartWatches,,,"1,999","7,990",0.75,3.8,17831
B08HDJ86NZ,boAt Deuce USB 300 2 in 1 Type-C & Micro USB Stress Resistant,Computers&Accessories,Accessories&Peripherals,Cables&Accessories,Cables,USBCables,329,699,0.53,4.2,94364
B08CF3B7N1,Portronics Konnect L 1.2M Fast Charging 3A 8 Pin USB Cable wi,Computers&Accessories,Accessories&Peripherals,Cables&Accessories,Cables,USBCables,154,399,0.61,4.2,16905
B07WDKLDRX,"iQOO Neo 6 5G (Dark Nova, 8GB RAM, 128GB Storage) | Snapdrago",Electronics,Mobiles&Accessories,Smartphones&BasicMobiles,Smartphones,,"28,999","34,999",0.17,4.4,20311
B09MQSCJQ1,"boAt Xtend Smartwatch with Alexa Built-in, 1.69” HD Display",Electronics,WearableTechnology,SmartWatches,,,"2,299","7,990",0.71,4.2,69622
B094YFFSMY,Tygot Bluetooth Extendable Selfie Sticks with Wireless Remote,Electronics,Mobiles&Accessories,MobileAccessories,Photo&VideoAccessories,SelfieSticks,399,"1,999",0.8,4,3382
B09MT84WV5,Samsung EVO Plus 128GB microSDXC UHS-I U3 130MB/s Full HD & 4,Electronics,Accessories,MemoryCards,MicroSD,,"1,149","3,999",0.71,4.3,140036
B08VS3YLRK,Portronics Adapto 20 Type C 20W Fast PD/Type C Adapter Charge,Electronics,Mobiles&Accessories,MobileAccessories,Chargers,WallChargers,529,"1,499",0.65,4.1,8599
B0B4F3QNDM,"Samsung Galaxy M13 5G (Aqua Green, 6GB, 128GB Storage) | 5000",Electronics,Mobiles&Accessories,Smartphones&BasicMobiles,Smartphones,,"13,999","19,499",0.28,4.1,18998
B07GQD4K6L,boAt Bassheads 100 in Ear Wired Earphones with Mic(Furious Re,Electronics,"Headphones,Earbuds&Accessories",Headphones,In-Ear,,379,999,0.62,4.1,363713
B07WDKLRM4,"iQOO Z6 44W by vivo (Lumina Blue, 4GB RAM, 128GB Storage) | 6",Electronics,Mobiles&Accessories,Smartphones&BasicMobiles,Smartphones,,"13,999","19,999",0.3,4.1,19252
B0BP18W8TM,"Fire-Boltt Gladiator 1.96"" Biggest Display Smart Watch with B",Electronics,WearableTechnology,SmartWatches,,,"3,999","9,999",0.6,4.4,73
B08Y1TFSP6,"pTron Solero TB301 3A Type-C Data and Fast Charging Cable, Ma",Computers&Accessories,Accessories&Peripherals,Cables&Accessories,Cables,USBCables,149,"1,000",0.85,3.9,24870
B07GXHC691,STRIFF PS2_01 Multi Angle Mobile/Tablet Tabletop Stand. Phone,Electronics,Mobiles&Accessories,MobileAccessories,Stands,,99,499,0.8,4.3,42641
B08FN6WGDQ,Samsung Galaxy Buds Live Bluetooth Truly Wireless in Ear Earb,Electronics,"Headphones,Earbuds&Accessories",Headphones,In-Ear,,"4,790","15,990",0.7,4,4390
B0B3D39RKV,"OnePlus Nord 2T 5G (Jade Fog, 12GB RAM, 256GB Storage)",Electronics,Mobiles&Accessories,Smartphones&BasicMobiles,Smartphones,,"33,999","33,999",0,4.3,17415
B085HY1DGR,Sounce Spiral Charger Cable Protector Data Cable Saver Chargi,Computers&Accessories,Accessories&Peripherals,Cables&Accessories,CableConnectionProtectors,,99,999,0.9,4,1396
B08D75R3Z1,"PTron Boom Ultima 4D Dual Driver, in-Ear Gaming Wired Headpho",Electronics,"Headphones,Earbuds&Accessories",Headphones,In-Ear,,299,"1,900",0.84,3.6,18202
B0B4F2TTTS,"Samsung Galaxy M13 (Aqua Green, 4GB, 64GB Storage) | 6000mAh ",Electronics,Mobiles&Accessories,Smartphones&BasicMobiles,Smartphones,,"10,999","14,999",0.27,4.1,18998
B09WRMNJ9G,"OnePlus 10R 5G (Forest Green, 8GB RAM, 128GB Storage, 80W Sup",Electronics,Mobiles&Accessories,Smartphones&BasicMobiles,Smartphones,,"34,999","38,999",0.1,4.2,11029
B0B14MR9L1,"Samsung Galaxy M33 5G (Emerald Brown, 6GB, 128GB Storage) | 6",Electronics,Mobiles&Accessories,Smartphones&BasicMobiles,Smartphones,,"16,999","24,999",0.32,4.1,22318
B09ZPL5VYM,"Ambrane Mobile Holding Stand, 180° Perfect View, Height Adju",Electronics,Mobiles&Accessories,MobileAccessories,Stands,,199,499,0.6,4.1,1786
B0993BB11X,"Ambrane 10000mAh Slim Power Bank, 20W Fast Charging, Dual Out",Electronics,Mobiles&Accessories,MobileAccessories,Chargers,PowerBanks,999,"1,599",0.38,4,7222
B09V2PZDX8,"Nokia 105 Single SIM, Keypad Mobile Phone with Wireless FM Ra",Electronics,Mobiles&Accessories,Smartphones&BasicMobiles,BasicMobiles,,"1,299","1,599",0.19,4,128311
B085W8CFLH,"PTron Tangent Lite Bluetooth 5.0 Earphones with Mic, Hi-Fi St",Electronics,"Headphones,Earbuds&Accessories",Headphones,In-Ear,,599,"1,800",0.67,3.5,83996
B09MT6XSFW,Samsung EVO Plus 64GB microSDXC UHS-I U1 130MB/s Full HD & 4K,Electronics,Accessories,MemoryCards,MicroSD,,599,"1,899",0.68,4.3,140036
B07RD611Z8,"Ambrane 20000mAh Power Bank with 20W Fast Charging, Triple Ou",Electronics,Mobiles&Accessories,MobileAccessories,Chargers,PowerBanks,"1,799","2,499",0.28,4.1,18678
B08WRWPM22,"boAt Micro USB 55 Tangle-free, Sturdy Micro USB Cable with 3A",Computers&Accessories,Accessories&Peripherals,Cables&Accessories,Cables,USBCables,176.63,499,0.65,4.1,15189
B0B4F52B5X,"Samsung Galaxy M13 (Midnight Blue, 4GB, 64GB Storage) | 6000m",Electronics,Mobiles&Accessories,Smartphones&BasicMobiles,Smartphones,,"10,999","14,999",0.27,4.1,18998
B096VF5YYF,"boAt Xtend Smartwatch with Alexa Built-in, 1.69” HD Display",Electronics,WearableTechnology,SmartWatches,,,"2,999","7,990",0.62,4.1,48449
B0B5D39BCD,"boAt Wave Call Smart Watch, Smart Talk with Advanced Dedicate",Electronics,WearableTechnology,SmartWatches,,,"1,999","7,990",0.75,3.8,17831
B08DDRGWTJ,MI Usb Type-C Cable Smartphone (Black),Computers&Accessories,Accessories&Peripherals,Cables&Accessories,Cables,USBCables,229,299,0.23,4.3,30411
B082LZGK39,Ambrane Unbreakable 60W / 3A Fast Charging 1.5m Braided Micro,Computers&Accessories,Accessories&Peripherals,Cables&Accessories,Cables,USBCables,199,299,0.33,4,43994
B09XBJ1CTN,MI Xiaomi 22.5W Fast USB Type C Charger Combo for Tablets - W,Electronics,Mobiles&Accessories,MobileAccessories,Chargers,WallChargers,649,999,0.35,4.2,1315
B0B4F5L738,"Samsung Galaxy M13 5G (Aqua Green, 6GB, 128GB Storage) | 5000",Electronics,Mobiles&Accessories,Smartphones&BasicMobiles,Smartphones,,"13,999","19,499",0.28,4.1,18998
B08MTCKDYN,Gizga Essentials Spiral Cable Protector Cord Saver for Mac Ch,Electronics,Mobiles&Accessories,MobileAccessories,Décor,,119,299,0.6,4.1,5999
B09QS8V5N8,"Redmi Note 11 (Space Black, 4GB RAM, 64GB Storage)|90Hz FHD+ ",Electronics,Mobiles&Accessories,Smartphones&BasicMobiles,Smartphones,,"12,999","17,999",0.28,4.1,50772
B08CF3D7QR,Portronics Konnect L POR-1081 Fast Charging 3A Type-C Cable 1,Computers&Accessories,Accessories&Peripherals,Cables&Accessories,Cables,USBCables,154,339,0.55,4.3,13391
B09T2WRLJJ,"Redmi Note 11 Pro + 5G (Phantom White, 8GB RAM, 128GB Storage",Electronics,Mobiles&Accessories,Smartphones&BasicMobiles,Smartphones,,"20,999","26,999",0.22,3.9,25824
B089WB69Y1,"USB Charger, Oraimo Elite Dual Port 5V/2.4A Wall Charger, USB",Electronics,Mobiles&Accessories,MobileAccessories,Chargers,WallChargers,249,649,0.62,4,14404
B0116MIKKC,Goldmedal Curve Plus 202042 Plastic Spice 3-Pin 240V Universa,Electronics,Mobiles&Accessories,MobileAccessories,Chargers,WallChargers,99,171,0.42,4.5,11339
B09P858DK8,"WeCool C1 Car Mobile Holder with One Click Technology,360° R",Electronics,Mobiles&Accessories,MobileAccessories,AutomobileAccessories,Cradles,489,"1,999",0.76,4,3626
B07DJLFMPS,HP 32GB Class 10 MicroSD Memory Card (U1 TF Card 32GB),Electronics,Accessories,MemoryCards,MicroSD,,369,"1,600",0.77,4,32625
B07WHQWXL7,"iQOO Z6 44W by vivo (Lumina Blue, 6GB RAM, 128GB Storage) | 6",Electronics,Mobiles&Accessories,Smartphones&BasicMobiles,Smartphones,,"15,499","20,999",0.26,4.1,19252
B07WDK3ZS6,"iQOO Z6 Lite 5G by vivo (Mystic Night, 6GB RAM, 128GB Storage",Electronics,Mobiles&Accessories,Smartphones&BasicMobiles,Smartphones,,"15,499","18,999",0.18,4.1,19252
B09T2S8X9C,"Redmi Note 11 Pro + 5G (Stealth Black, 8GB RAM, 256GB Storage",Electronics,Mobiles&Accessories,Smartphones&BasicMobiles,Smartphones,,"22,999","28,999",0.21,3.9,25824
B07S9S86BF,boAt Bassheads 242 in Ear Wired Earphones with Mic(Active Bla,Electronics,"Headphones,Earbuds&Accessories",Headphones,In-Ear,,599,"1,490",0.6,4.1,161679
B07N8RQ6W7,Portronics MODESK POR-122 Universal Mobile Tabletop Holder (B,Electronics,Mobiles&Accessories,MobileAccessories,Stands,,134,699,0.81,4.1,16685
B09FKDH6FS,"realme narzo 50i (Mint Green, 2GB RAM+32GB Storage) Octa Core",Electronics,Mobiles&Accessories,Smartphones&BasicMobiles,Smartphones,,"7,499","7,999",0.06,4,30907
B08HVJCW95,MI 10000mAh 3i Lithium Polymer Power Bank Dual Input(Micro-US,Electronics,Mobiles&Accessories,MobileAccessories,Chargers,PowerBanks,"1,149","2,199",0.48,4.3,178912
B09YDFDVNS,"Nokia 105 Plus Single SIM, Keypad Mobile Phone with Wireless ",Electronics,Mobiles&Accessories,Smartphones&BasicMobiles,BasicMobiles,,"1,324","1,699",0.22,4,128311
B07WGPKTS4,"iQOO Z6 44W by vivo (Raven Black, 4GB RAM, 128GB Storage) | 6",Electronics,Mobiles&Accessories,Smartphones&BasicMobiles,Smartphones,,"13,999","19,999",0.3,4.1,19252
B0789LZTCJ,boAt Rugged v3 Extra Tough Unbreakable Braided Micro USB Cabl,Computers&Accessories,Accessories&Peripherals,Cables&Accessories,Cables,USBCables,299,799,0.63,4.2,94364
B09MZCQYHZ,"Ambrane 10000mAh Slim Power Bank, 20W Fast Charging, Dual Out",Electronics,Mobiles&Accessories,MobileAccessories,Chargers,PowerBanks,999,"1,599",0.38,4,7222
B0B4F2ZWL3,"Samsung Galaxy M13 (Stardust Brown, 6GB, 128GB Storage) | 600",Electronics,Mobiles&Accessories,Smartphones&BasicMobiles,Smartphones,,"12,999","17,999",0.28,4.1,18998
B08VB2CMR3,"OPPO A74 5G (Fluid Black, 6GB RAM, 128GB Storage) with No Cos",Electronics,Mobiles&Accessories,Smartphones&BasicMobiles,Smartphones,,"15,490","20,990",0.26,4.2,32916
B095RTJH1M,Spigen EZ Fit Tempered Glass Screen Protector Guard for iPhon,Electronics,Mobiles&Accessories,MobileAccessories,"Maintenance,Upkeep&Repairs",ScreenProtectors,999,"2,899",0.66,4.6,26603
B097R25DP7,"Noise ColorFit Pulse Smartwatch with 3.56 cm (1.4"") Full Touc",Electronics,WearableTechnology,SmartWatches,,,"1,599","4,999",0.68,4,67950
B09YDFKJF8,"Nokia 105 Plus Single SIM, Keypad Mobile Phone with Wireless ",Electronics,Mobiles&Accessories,Smartphones&BasicMobiles,BasicMobiles,,"1,324","1,699",0.22,4,128311
B07WDK3ZS2,"iQOO Z6 Pro 5G by vivo (Legion Sky, 8GB RAM, 128GB Storage) |",Electronics,Mobiles&Accessories,Smartphones&BasicMobiles,Smartphones,,"20,999","29,990",0.3,4.3,9499
B08RZ5K9YH,MI 33W SonicCharge 2.0 USB Charger for Cellular Phones - Whit,Electronics,Mobiles&Accessories,MobileAccessories,Chargers,WallChargers,999,"1,999",0.5,4.3,1777
B08444S68L,"OPPO A31 (Mystery Black, 6GB RAM, 128GB Storage) with No Cost",Electronics,Mobiles&Accessories,Smartphones&BasicMobiles,Smartphones,,"12,490","15,990",0.22,4.2,58506
B07WHQBZLS,"iQOO vivo Z6 5G (Chromatic Blue, 8GB RAM, 128GB Storage) | Sn",Electronics,Mobiles&Accessories,Smartphones&BasicMobiles,Smartphones,,"17,999","21,990",0.18,4,21350
B085DTN6R2,Portronics Konnect CL 20W POR-1067 Type-C to 8 Pin USB 1.2M C,Computers&Accessories,Accessories&Peripherals,Cables&Accessories,Cables,USBCables,350,899,0.61,4.2,2263
B09JS562TP,"Motorola a10 Dual Sim keypad Mobile with 1750 mAh Battery, Ex",Electronics,Mobiles&Accessories,Smartphones&BasicMobiles,BasicMobiles,,"1,399","1,630",0.14,4,9378
B09KLVMZ3B,Portronics Konnect L 1.2M POR-1401 Fast Charging 3A 8 Pin USB,Computers&Accessories,Accessories&Peripherals,Cables&Accessories,Cables,USBCables,159,399,0.6,4.1,4768
B09V17S2BG,"boAt Wave Lite Smartwatch with 1.69"" HD Display, Heart Rate &",Electronics,WearableTechnology,SmartWatches,,,"1,499","6,990",0.79,3.9,21796
B0B5CGTBKV,"boAt Wave Call Smart Watch, Smart Talk with Advanced Dedicate",Electronics,WearableTechnology,SmartWatches,,,"1,999","7,990",0.75,3.8,17833
B0B23LW7NV,Spigen EZ Fit Tempered Glass Screen Protector for iPhone 14 P,Electronics,Mobiles&Accessories,MobileAccessories,"Maintenance,Upkeep&Repairs",ScreenProtectors,999,"2,899",0.66,4.7,7779
B09KGV7WSV,"KINGONE Upgraded Stylus Pen, iPad Pencil, Ultra High Precisio",Electronics,Mobiles&Accessories,MobileAccessories,StylusPens,,"2,099","5,999",0.65,4.3,17129
B0971DWFDT,"Portronics CarPower Mini Car Charger with Dual Output, Fast C",Electronics,Mobiles&Accessories,MobileAccessories,Chargers,AutomobileChargers,337,699,0.52,4.2,4969
B0BNV7JM5Y,"boAt Newly Launched Wave Electra with 1.81"" HD Display, Smart",Electronics,WearableTechnology,SmartWatches,,,"2,999","7,990",0.62,4.1,154
B0B53QFZPY,PTron Newly Launched Force X10 Bluetooth Calling Smartwatch w,Electronics,WearableTechnology,SmartWatches,,,"1,299","5,999",0.78,3.3,4415
B083342NKJ,MI Braided USB Type-C Cable for Charging Adapter (Red),Computers&Accessories,Accessories&Peripherals,Cables&Accessories,Cables,USBCables,349,399,0.13,4.4,18757
B07WJWRNVK,"iQOO vivo Z6 5G (Dynamo Black, 6GB RAM, 128GB Storage) | Snap",Electronics,Mobiles&Accessories,Smartphones&BasicMobiles,Smartphones,,"16,499","20,990",0.21,4,21350
B01F25X6RQ,Samsung Ehs64 Ehs64Avfwecinu Hands-Free Wired In Ear Earphone,Electronics,"Headphones,Earbuds&Accessories",Headphones,In-Ear,,499,499,0,4.2,31539
B09C6HXFC1,Duracell USB Lightning Apple Certified (Mfi) Braided Sync & C,Computers&Accessories,Accessories&Peripherals,Cables&Accessories,Cables,USBCables,970,"1,799",0.46,4.5,815
B0B244R4KB,Spigen EZ Fit Tempered Glass Screen Protector for iPhone 14 P,Electronics,Mobiles&Accessories,MobileAccessories,"Maintenance,Upkeep&Repairs",ScreenProtectors,999,"2,899",0.66,4.6,6129
B0BMGG6NKT,"Samsung Galaxy M04 Dark Blue, 4GB RAM, 128GB Storage | Upto 8",Electronics,Mobiles&Accessories,Smartphones&BasicMobiles,Smartphones,,"10,499","13,499",0.22,4.2,284
B082LSVT4B,Ambrane Unbreakable 60W / 3A Fast Charging 1.5m Braided Type ,Computers&Accessories,Accessories&Peripherals,Cables&Accessories,Cables,USBCables,249,399,0.38,4,43994
B092JHPL72,"SWAPKART Flexible Mobile Tabletop Stand, Metal Built, Heavy D",Electronics,Mobiles&Accessories,MobileAccessories,Mounts,Bedstand&DeskMounts,251,999,0.75,3.7,3234
B08WRBG3XW,"boAt Type C A325 Tangle-free, Sturdy Type C Cable with 3A Rap",Computers&Accessories,Accessories&Peripherals,Cables&Accessories,Cables,USBCables,199,499,0.6,4.1,13045
B09GFM8CGS,"Redmi 9A Sport (Carbon Black, 2GB RAM, 32GB Storage) | 2GHz O",Electronics,Mobiles&Accessories,Smartphones&BasicMobiles,Smartphones,,"6,499","7,999",0.19,4.1,313832
B0B3MWYCHQ,Fire-Boltt Ring 3 Smart Watch 1.8 Biggest Display with Advanc,Electronics,WearableTechnology,SmartWatches,,,"2,999","9,999",0.7,4.2,20879
B09J2MM5C6,Amozo Ultra Hybrid Camera and Drop Protection Back Cover Case,Electronics,Mobiles&Accessories,MobileAccessories,Cases&Covers,BasicCases,279,"1,499",0.81,4.2,2646
B07Q4QV1DL,ELV Aluminum Adjustable Mobile Phone Foldable Tabletop Stand ,Electronics,Mobiles&Accessories,MobileAccessories,Stands,,269,"1,499",0.82,4.5,28978
B0B56YRBNT,"Tecno Spark 9 (Sky Mirror, 6GB RAM,128GB Storage) | 11GB Expa",Electronics,Mobiles&Accessories,Smartphones&BasicMobiles,Smartphones,,"8,999","13,499",0.33,3.8,3145
B09NHVCHS9,Flix Micro Usb Cable For Smartphone (Black),Computers&Accessories,Accessories&Peripherals,Cables&Accessories,Cables,USBCables,59,199,0.7,4,9377
B01DF26V7A,"JBL C100SI Wired In Ear Headphones with Mic, JBL Pure Bass So",Electronics,"Headphones,Earbuds&Accessories",Headphones,In-Ear,,599,"1,299",0.54,4.1,192589
B08K4PSZ3V,"Tukzer Capacitive Stylus Pen for Touch Screens Devices, Fine ",Electronics,Mobiles&Accessories,MobileAccessories,StylusPens,,349,999,0.65,3.8,16557
B0B4F1YC3J,"Samsung Galaxy M13 5G (Aqua Green, 6GB, 128GB Storage) | 5000",Electronics,Mobiles&Accessories,Smartphones&BasicMobiles,Smartphones,,"13,999","19,499",0.28,4.1,18998
B08K4RDQ71,"Tukzer Capacitive Stylus Pen for Touch Screens Devices, Fine ",Electronics,Mobiles&Accessories,MobileAccessories,StylusPens,,349,999,0.65,3.8,16557
B085CZ3SR1,Mi 10W Wall Charger for Mobile Phones with Micro USB Cable (B,Electronics,Mobiles&Accessories,MobileAccessories,Chargers,WallChargers,499,599,0.17,4.2,21916
B09YV3K34W,Fire-Boltt India's No 1 Smartwatch Brand Talk 2 Bluetooth Cal,Electronics,WearableTechnology,SmartWatches,,,"2,199","9,999",0.78,4.2,29472
B09Z6WH2N1,STRIFF 12 Pieces Highly Flexible Silicone Micro USB Protector,Electronics,Mobiles&Accessories,MobileAccessories,Décor,,95,499,0.81,4.2,1949
B09NL4DJ2Z,FLiX (Beetel) USB to Type C PVC Data Sync & 2A Smartphone Fas,Computers&Accessories,Accessories&Peripherals,Cables&Accessories,Cables,USBCables,139,249,0.44,4,9377
B0BGSV43WY,Noise ColorFit Pro 4 Alpha Bluetooth Calling Smart Watch with,Electronics,WearableTechnology,SmartWatches,,,"4,499","7,999",0.44,3.5,37
B0926V9CTV,Elv Mobile Phone Mount Tabletop Holder for Phones and Tablets,Electronics,Mobiles&Accessories,MobileAccessories,Stands,,89,599,0.85,4.3,2351
B07WGPKMP5,"iQOO Z6 44W by vivo (Raven Black, 6GB RAM, 128GB Storage) | 6",Electronics,Mobiles&Accessories,Smartphones&BasicMobiles,Smartphones,,"15,499","20,999",0.26,4.1,19253
B0BBFJ9M3X,"Redmi 11 Prime 5G (Meadow Green, 4GB RAM 64GB ROM) | Prime De",Electronics,Mobiles&Accessories,Smartphones&BasicMobiles,Smartphones,,"13,999","15,999",0.13,3.9,2180
B09PLFJ7ZW,"Noise Pulse Buzz 1.69"" Bluetooth Calling Smart Watch with Cal",Electronics,WearableTechnology,SmartWatches,,,"1,999","4,999",0.6,3.9,7571
B0B53NXFFR,PTron Newly Launched Force X10 Bluetooth Calling Smartwatch w,Electronics,WearableTechnology,SmartWatches,,,"1,399","5,999",0.77,3.3,4415
B07GNC2592,Portronics CLAMP X Car-Vent Mobile Holder 360 Degree Rotation,Electronics,Mobiles&Accessories,MobileAccessories,AutomobileAccessories,Cradles,599,999,0.4,4,18654
B09TP5KBN7,"pTron Volta Dual Port 12W Smart USB Charger Adapter, Multi-La",Electronics,Mobiles&Accessories,MobileAccessories,Chargers,WallChargers,199,"1,099",0.82,4,3197
B0949SBKMP,"boAt Flash Edition Smart Watch with Activity Tracker, Multipl",Electronics,WearableTechnology,SmartWatches,,,"1,799","6,990",0.74,4,26880
B09V175NP7,boAt Wave Lite Smartwatch with 1.69 Inches(4.29cm) HD Display,Electronics,WearableTechnology,SmartWatches,,,"1,499","6,990",0.79,3.9,21796
B07WHSJXLF,"iQOO Z6 Pro 5G by vivo (Phantom Dusk, 8GB RAM, 128GB Storage)",Electronics,Mobiles&Accessories,Smartphones&BasicMobiles,Smartphones,,"20,999","29,990",0.3,4.3,9499
B0BD3T6Z1D,"Samsung Galaxy M32 Prime Edition (Light Blue, 4GB RAM, 64GB)",Electronics,Mobiles&Accessories,Smartphones&BasicMobiles,Smartphones,,"12,999","13,499",0.04,4.1,56098
B09LHYZ3GJ,"Redmi Note 11T 5G (Matte Black, 6GB RAM, 128GB ROM)| Dimensit",Electronics,Mobiles&Accessories,Smartphones&BasicMobiles,Smartphones,,"16,999","20,999",0.19,4.1,31822
B07WFPMGQQ,"iQOO Z6 Pro 5G by vivo (Legion Sky, 6GB RAM, 128GB Storage) |",Electronics,Mobiles&Accessories,Smartphones&BasicMobiles,Smartphones,,"19,999","27,990",0.29,4.3,9499
B09QS9X9L8,"Redmi Note 11 (Horizon Blue, 6GB RAM, 64GB Storage)|90Hz FHD+",Electronics,Mobiles&Accessories,Smartphones&BasicMobiles,Smartphones,,"12,999","18,999",0.32,4.1,50772
B0B6BLTGTT,Noise Pulse 2 Max Advanced Bluetooth Calling Smart Watch with,Electronics,WearableTechnology,SmartWatches,,,"2,999","5,999",0.5,4.1,7148
B077Z65HSD,"boAt A400 USB Type-C to USB-A 2.0 Male Data Cable, 2 Meter (B",Computers&Accessories,Accessories&Peripherals,Cables&Accessories,Cables,USBCables,299,999,0.7,4.3,20850
B09W5XR9RT,Duracell USB C To Lightning Apple Certified (Mfi) Braided Syn,Computers&Accessories,Accessories&Peripherals,Cables&Accessories,Cables,USBCables,970,"1,999",0.51,4.4,184
B084DTMYWK,Myvn 30W Warp/20W Dash Charging Usb Type C Charger Cable Comp,Electronics,Mobiles&Accessories,MobileAccessories,Chargers,WallChargers,329,999,0.67,4.2,3492
B0B53QLB9H,PTron Newly Launched Force X10 Bluetooth Calling Smartwatch w,Electronics,WearableTechnology,SmartWatches,,,"1,299","5,999",0.78,3.3,4415
B0BDYW3RN3,"SanDisk Ultra® microSDXC™ UHS-I Card, 256GB, 150MB/s R, 10",Electronics,Accessories,MemoryCards,MicroSD,,"1,989","3,500",0.43,4.4,67260
B0B3RS9DNF,"Fire-Boltt Phoenix Smart Watch with Bluetooth Calling 1.3"",12",Electronics,WearableTechnology,SmartWatches,,,"1,999","9,999",0.8,4.3,27704
B09QS9X16F,"Redmi Note 11 (Space Black, 6GB RAM, 64GB Storage) | 90Hz FHD",Electronics,Mobiles&Accessories,Smartphones&BasicMobiles,Smartphones,,"12,999","18,999",0.32,4.1,50772
B08HV25BBQ,Noise ColorFit Pro 2 Full Touch Control Smart Watch with 35g ,Electronics,WearableTechnology,SmartWatches,,,"1,499","4,999",0.7,4,92588
B09LJ116B5,"Redmi Note 11T 5G (Aquamarine Blue, 6GB RAM, 128GB ROM)| Dime",Electronics,Mobiles&Accessories,Smartphones&BasicMobiles,Smartphones,,"16,999","20,999",0.19,4.1,31822
B0BMVWKZ8G,"Newly Launched Boult Dive+ with 1.85"" HD Display, Bluetooth C",Electronics,WearableTechnology,SmartWatches,,,"1,999","8,499",0.76,4.3,240
B0BD92GDQH,"OnePlus Nord Watch with 1.78” AMOLED Display, 60 Hz Refresh",Electronics,WearableTechnology,SmartWatches,,,"4,999","6,999",0.29,3.8,758
B08Y1SJVV5,"pTron Solero MB301 3A Micro USB Data & Charging Cable, Made i",Computers&Accessories,Accessories&Peripherals,Cables&Accessories,Cables,USBCables,99,666.66,0.85,3.9,24870
B0B5GF6DQD,"Noise Agile 2 Buzz Bluetooth Calling Smart Watch with 1.28"" T",Electronics,WearableTechnology,SmartWatches,,,"2,499","5,999",0.58,3.7,828
B09JS94MBV,"Motorola a10 Dual Sim keypad Mobile with 1750 mAh Battery, Ex",Electronics,Mobiles&Accessories,Smartphones&BasicMobiles,BasicMobiles,,"1,399","1,630",0.14,4,9378
B09YV463SW,"Fire-Boltt Ninja 3 Smartwatch Full Touch 1.69 "" & 60 Sports M",Electronics,WearableTechnology,SmartWatches,,,"1,499","9,999",0.85,4.2,22638
B07XLCFSSN,"Amazonbasics Nylon Braided Usb-C To Lightning Cable, Fast Cha",Computers&Accessories,Accessories&Peripherals,Cables&Accessories,Cables,USBCables,899,"1,900",0.53,4.4,13552
B09NL4DCXK,"Flix (Beetel) Bolt 2.4 12W Dual USB Smart Charger, Made in In",Electronics,Mobiles&Accessories,MobileAccessories,Chargers,WallChargers,249,599,0.58,3.9,2147
B0B8CHJLWJ,Kyosei Advanced Tempered Glass Compatible with Google Pixel 6,Electronics,Mobiles&Accessories,MobileAccessories,"Maintenance,Upkeep&Repairs",ScreenProtectors,299,"1,199",0.75,4.5,596
B0B8ZWNR5T,STRIFF 12 Pieces Highly Flexible Silicone Micro USB Protector,Electronics,Mobiles&Accessories,MobileAccessories,Décor,,79,499,0.84,4.2,1949
B0BBFJLP21,"Redmi 11 Prime 5G (Thunder Black, 4GB RAM, 64GB Storage) | Pr",Electronics,Mobiles&Accessories,Smartphones&BasicMobiles,Smartphones,,"13,999","15,999",0.13,3.9,2180
B01F262EUU,"Samsung Original EHS64 Wired in Ear Earphones with Mic, Black",Electronics,"Headphones,Earbuds&Accessories",Headphones,In-Ear,,949,999,0.05,4.2,31539
B09VZBGL1N,"STRIFF Multi Angle Tablet/Mobile Stand. Holder for iPhone, An",Electronics,Mobiles&Accessories,MobileAccessories,Stands,,99,499,0.8,4.1,2451
B0BNVBJW2S,"boAt Newly Launched Wave Electra with 1.81"" HD Display, Smart",Electronics,WearableTechnology,SmartWatches,,,"2,499","7,990",0.69,4.1,154
B0B2DJ5RVQ,WeCool B1 Mobile Holder for Bikes or Bike Mobile Holder for M,Electronics,Mobiles&Accessories,MobileAccessories,Mounts,HandlebarMounts,689,"1,999",0.66,4.3,1193
B096TWZRJC,"Sounce 360 Adjustable Mobile Phone Holder, Universal Phone Ho",Electronics,Mobiles&Accessories,MobileAccessories,Mounts,Bedstand&DeskMounts,499,"1,899",0.74,4.1,1475
B09GP6FBZT,OpenTech® Military-Grade Tempered Glass Screen Protector Com,Electronics,Mobiles&Accessories,MobileAccessories,"Maintenance,Upkeep&Repairs",ScreenProtectors,299,999,0.7,4.3,8891
B0B3DV7S9B,"EN LIGNE Adjustable Cell Phone Stand, Foldable Portable Phone",Electronics,Mobiles&Accessories,MobileAccessories,Stands,,209,499,0.58,3.6,104
B09MKP344P,"Tecno Spark 8T (Turquoise Cyan, 4GB RAM,64GB Storage) | 50MP ",Electronics,Mobiles&Accessories,Smartphones&BasicMobiles,Smartphones,,"8,499","12,999",0.35,4.1,6662
B08JW1GVS7,URBN 20000 mAh Lithium_Polymer 22.5W Super Fast Charging Ultr,Electronics,Mobiles&Accessories,MobileAccessories,Chargers,PowerBanks,"2,179","3,999",0.46,4,8380
B09LHZSMRR,"Redmi Note 11T 5G (Stardust White, 6GB RAM, 128GB ROM)| Dimen",Electronics,Mobiles&Accessories,Smartphones&BasicMobiles,Smartphones,,"16,999","20,999",0.19,4.1,31822
B0B5V47VK4,"OnePlus 10T 5G (Moonstone Black, 8GB RAM, 128GB Storage)",Electronics,Mobiles&Accessories,Smartphones&BasicMobiles,Smartphones,,"44,999","49,999",0.1,4.3,3075
B08H21B6V7,Nokia 150 (2020) (Cyan),Electronics,Mobiles&Accessories,Smartphones&BasicMobiles,BasicMobiles,,"2,599","2,999",0.13,3.9,14266
B09BNXQ6BR,"Noise ColorFit Ultra SE Smart Watch with 1.75""(4.3cm) HD Disp",Electronics,WearableTechnology,SmartWatches,,,"2,799","6,499",0.57,4.1,38879
B01FSYQ2A4,boAt Rockerz 400 Bluetooth On Ear Headphones With Mic With Up,Electronics,"Headphones,Earbuds&Accessories",Headphones,On-Ear,,"1,399","2,990",0.53,4.1,97175
B08L5FM4JC,"SanDisk Ultra microSD UHS-I Card 64GB, 120MB/s R",Electronics,Accessories,MemoryCards,MicroSD,,649,"2,400",0.73,4.4,67260
B0B54Y2SNX,iPhone Original 20W C Type Fast PD Charger Compatible with I-,Electronics,Mobiles&Accessories,MobileAccessories,Chargers,WallChargers,799,"3,990",0.8,3.8,119
B08BQ947H3,"LIRAMARK Webcam Cover Slide, Ultra Thin Laptop Camera Cover S",Computers&Accessories,Accessories&Peripherals,LaptopAccessories,CameraPrivacyCovers,,149,149,0,4.3,10833
B082T6V3DT,"AmazonBasics New Release Nylon USB-A to Lightning Cable Cord,",Computers&Accessories,Accessories&Peripherals,Cables&Accessories,Cables,USBCables,799,"2,100",0.62,4.3,8188
B0B7DHSKS7,"Nokia 8210 4G Volte keypad Phone with Dual SIM, Big Display, ",Electronics,Mobiles&Accessories,Smartphones&BasicMobiles,BasicMobiles,,"3,799","5,299",0.28,3.5,1641
B09SJ1FTYV,Sounce Protective Case Cover Compatible Boat Xtend Overall Pr,Electronics,Mobiles&Accessories,MobileAccessories,Cases&Covers,BasicCases,199,"1,899",0.9,4,4740
B09XJ5LD6L,"Samsung Galaxy M53 5G (Deep Ocean Blue, 6GB, 128GB Storage) |",Electronics,Mobiles&Accessories,Smartphones&BasicMobiles,Smartphones,,"23,999","32,999",0.27,3.9,8866
B07WHS7MZ1,"iQOO 9 SE 5G (Sunset Sierra, 8GB RAM, 128GB Storage) | Qualco",Electronics,Mobiles&Accessories,Smartphones&BasicMobiles,Smartphones,,"29,990","39,990",0.25,4.3,8399
B0BBVKRP7B,SHREENOVA ID116 Plus Bluetooth Fitness Smart Watch for Men Wo,Electronics,WearableTechnology,SmartWatches,,,281,"1,999",0.86,2.8,87
B09NY7W8YD,"POCO C31 (Shadow Gray, 64 GB) (4 GB RAM)",Electronics,Mobiles&Accessories,Smartphones&BasicMobiles,Smartphones,,"7,998","11,999",0.33,3.8,125
B0BMM7R92G,Noise_Colorfit Smart Watch Charger 2 Pin USB Fast Charger Mag,Electronics,WearableTechnology,SmartWatches,,,249,999,0.75,4.5,38
B08M66K48D,POPIO Tempered Glass Screen Protector Compatible for iPhone 1,Electronics,Mobiles&Accessories,MobileAccessories,"Maintenance,Upkeep&Repairs",ScreenProtectors,299,599,0.5,4.3,4674
B09RFB2SJQ,10WeRun Id-116 Bluetooth Smartwatch Wireless Fitness Band for,Electronics,WearableTechnology,SmartWatches,,,499,"1,899",0.74,4.1,412
B0B82YGCF6,Tokdis MX-1 Pro Bluetooth Calling Smartwatch - 1.69” LCD Di,Electronics,WearableTechnology,SmartWatches,,,899,"3,499",0.74,3,681
B08HF4W2CT,URBN 20000 mAh lithium_polymer Power Bank with 12 Watt Fast C,Electronics,Mobiles&Accessories,MobileAccessories,Chargers,PowerBanks,"1,599","3,499",0.54,4,36384
B08BCKN299,Sounce Gold Plated 3.5 mm Headphone Splitter for Computer 2 M,Electronics,"Headphones,Earbuds&Accessories",Adapters,,,120,999,0.88,3.9,6491
B0B2X35B1K,"Noise ColorFit Ultra 2 Buzz 1.78"" AMOLED Bluetooth Calling Wa",Electronics,WearableTechnology,SmartWatches,,,"3,999","6,999",0.43,4.1,10229
B09QS9CWLV,"Redmi Note 11 (Horizon Blue, 6GB RAM, 64GB Storage)|90Hz FHD+",Electronics,Mobiles&Accessories,Smartphones&BasicMobiles,Smartphones,,"12,999","18,999",0.32,4.1,50772
B0B1NX6JTN,Spigen Ultra Hybrid Back Cover Case Compatible with iPhone 14,Electronics,Mobiles&Accessories,MobileAccessories,Cases&Covers,BasicCases,"1,599","2,599",0.38,4.3,1801
B078G6ZF5Z,Oraimo 18W USB & Type-C Dual Output Super Fast Charger Wall A,Electronics,Mobiles&Accessories,MobileAccessories,Chargers,WallChargers,699,"1,199",0.42,4,14404
B0BBW521YC,"LAPSTER 12pcs Spiral Cable Protectors for Charger, Wires, Dat",Electronics,Mobiles&Accessories,MobileAccessories,Décor,PhoneCharms,99,999,0.9,4.4,305
B09HSKYMB3,"MI REDMI 9i Sport (Carbon Black, 64 GB) (4 GB RAM)",Electronics,Mobiles&Accessories,Smartphones&BasicMobiles,Smartphones,,"7,915","9,999",0.21,4.3,1376
B09YV42QHZ,"Fire-Boltt Ninja 3 Smartwatch Full Touch 1.69 "" & 60 Sports M",Electronics,WearableTechnology,SmartWatches,,,"1,499","7,999",0.81,4.2,22638
B09BF8JBWX,"Lava A1 Josh 21(Blue Silver) -Dual Sim,Call Blink Notificatio",Electronics,Mobiles&Accessories,Smartphones&BasicMobiles,BasicMobiles,,"1,055","1,249",0.16,3.8,2352
B0B5YBGCKD,POPIO Tempered Glass Compatible for iPhone 13 / iPhone 13 Pro,Electronics,Mobiles&Accessories,MobileAccessories,"Maintenance,Upkeep&Repairs",ScreenProtectors,150,599,0.75,4.3,714
B01GGKYKQM,Amazon Basics USB Type-C to USB-A 2.0 Male Fast Charging Cabl,Computers&Accessories,Accessories&Peripherals,Cables&Accessories,Cables,USBCables,219,700,0.69,4.3,20052
B09MY4W73Q,Amozo Ultra Hybrid Camera and Drop Protection Back Cover Case,Electronics,Mobiles&Accessories,MobileAccessories,Cases&Covers,BasicCases,474,"1,799",0.74,4.3,1454
B08R69VDHT,"Pinnaclz Original Combo of 2 Micro USB Fast Charging Cable, U",Computers&Accessories,Accessories&Peripherals,Cables&Accessories,Cables,USBCables,115,499,0.77,4,7732
B09T37CKQ5,"FLiX Usb Charger,Flix (Beetel) Bolt 2.4 Dual Poart,5V/2.4A/12",Electronics,Mobiles&Accessories,MobileAccessories,Chargers,WallChargers,239,599,0.6,3.9,2147
B09GFPN6TP,"Redmi 9A Sport (Coral Green, 3GB RAM, 32GB Storage) | 2GHz Oc",Electronics,Mobiles&Accessories,Smartphones&BasicMobiles,Smartphones,,"7,499","9,499",0.21,4.1,313832
B0B298D54H,Prolet Classic Bumper Case Cover for Samsung Galaxy Watch 4 4,Electronics,WearableTechnology,SmartWatches,,,265,999,0.73,3.7,465
B08VB57558,"Samsung Galaxy S20 FE 5G (Cloud Navy, 8GB RAM, 128GB Storage)",Electronics,Mobiles&Accessories,Smartphones&BasicMobiles,Smartphones,,"37,990","74,999",0.49,4.2,27790
B09CMP1SC8,Ambrane 2 in 1 Type-C & Micro USB Cable with 60W / 3A Fast Ch,Computers&Accessories,Accessories&Peripherals,Cables&Accessories,Cables,USBCables,199,499,0.6,4.1,602
B09YLXYP7Y,Ambrane 60W / 3A Fast Charging Output Cable with Type-C to US,Computers&Accessories,Accessories&Peripherals,Cables&Accessories,Cables,USBCables,179,399,0.55,4,1423
B0B9BXKBC7,"WeCool S5 Long Selfie Stick, with Large Reinforced Tripod Sta",Electronics,Mobiles&Accessories,MobileAccessories,Photo&VideoAccessories,SelfieSticks,"1,799","3,999",0.55,4.6,245
B09NY6TRXG,"POCO C31 (Royal Blue, 64 GB) (4 GB RAM)",Electronics,Mobiles&Accessories,Smartphones&BasicMobiles,Smartphones,,"8,499","11,999",0.29,3.9,276
B09NVPJ3P4,"Noise ColorFit Pulse Grand Smart Watch with 1.69""(4.29cm) HD ",Electronics,WearableTechnology,SmartWatches,,,"1,999","3,999",0.5,4,30254
B0B3NDPCS9,"Fire-Boltt Visionary 1.78"" AMOLED Bluetooth Calling Smartwatc",Electronics,WearableTechnology,SmartWatches,,,"3,999","17,999",0.78,4.3,17161
B09VGKFM7Y,Amazon Basics 2 Amp USB Wall Charger & Micro USB Cable (White,Electronics,Mobiles&Accessories,MobileAccessories,Chargers,WallChargers,219,499,0.56,4.4,14
B07QCWY5XV,Mobilife Bluetooth Extendable Selfie Stick with Tripod Stand ,Electronics,Mobiles&Accessories,MobileAccessories,Photo&VideoAccessories,SelfieSticks,599,"1,399",0.57,4.1,14560
B098QXR9X2,"Ambrane 27000mAh Power Bank, 20W Fast Charging, Triple Output",Electronics,Mobiles&Accessories,MobileAccessories,Chargers,PowerBanks,"2,499","2,999",0.17,4.1,3156
B07H1S7XW8,STRIFF Wall Mount Phone Holder Wall Mount with Adhesive Strip,Electronics,Mobiles&Accessories,MobileAccessories,Mounts,Shower&WallMounts,89,499,0.82,4.1,9340
B0BNXFDTZ2,"Fire-Boltt Tank 1.85"" Bluetooth Calling Smart Watch, 123 Spor",Electronics,WearableTechnology,SmartWatches,,,"2,999","11,999",0.75,4.4,768
B088ZFJY82,Elv Aluminium Adjustable Mobile Phone Foldable Holder Tableto,Electronics,Mobiles&Accessories,MobileAccessories,Stands,,314,"1,499",0.79,4.5,28978
B0B4F4QZ1H,"Samsung Galaxy M13 5G (Stardust Brown, 6GB, 128GB Storage) | ",Electronics,Mobiles&Accessories,Smartphones&BasicMobiles,Smartphones,,"13,999","19,499",0.28,4.1,18998
B09BCNQ9R2,DYAZO USB 3.0 Type C Female to USB A Male Connector/Converter,Electronics,Mobiles&Accessories,MobileAccessories,Cables&Adapters,OTGAdapters,139,499,0.72,4.2,4971
B0B9BD2YL4,KINGONE Wireless Charging Pencil (2nd Generation) for iPad wi,Electronics,Mobiles&Accessories,MobileAccessories,StylusPens,,"2,599","6,999",0.63,4.5,1526
B071Z8M4KX,boAt BassHeads 100 in-Ear Wired Headphones with Mic (Black),Electronics,"Headphones,Earbuds&Accessories",Headphones,In-Ear,,365,999,0.63,4.1,363711
B09N3ZNHTY,boAt Airdopes 141 Bluetooth Truly Wireless in Ear Earbuds wit,Electronics,"Headphones,Earbuds&Accessories",Headphones,In-Ear,,"1,499","4,490",0.67,3.9,136954
B0B3RRWSF6,"Fire-Boltt Phoenix Smart Watch with Bluetooth Calling 1.3"",12",Electronics,WearableTechnology,SmartWatches,,,"1,998","9,999",0.8,4.3,27709
B0B5B6PQCT,"boAt Wave Call Smart Watch, Smart Talk with Advanced Dedicate",Electronics,WearableTechnology,SmartWatches,,,"1,799","7,990",0.77,3.8,17833
B005FYNT3G,SanDisk Cruzer Blade 32GB USB Flash Drive,Computers&Accessories,ExternalDevices&DataStorage,PenDrives,,,289,650,0.56,4.3,253105
B01J0XWYKQ,"Logitech B170 Wireless Mouse, 2.4 GHz with USB Nano Receiver,",Computers&Accessories,Accessories&Peripherals,"Keyboards,Mice&InputDevices",Mice,,599,895,0.33,4.4,61314
B09CTRPSJR,Storio Kids Toys LCD Writing Tablet 8.5Inch E-Note Pad Best B,Computers&Accessories,Accessories&Peripherals,"Keyboards,Mice&InputDevices",GraphicTablets,,217,237,0.08,3.8,7354
B08JQN8DGZ,boAt Airdopes 121v2 in-Ear True Wireless Earbuds with Upto 14,Electronics,"Headphones,Earbuds&Accessories",Headphones,In-Ear,,"1,299","2,990",0.57,3.8,180998
B0B72BSW7K,SKE Bed Study Table Portable Wood Multifunction Laptop-Table ,Computers&Accessories,Accessories&Peripherals,LaptopAccessories,Lapdesks,,263,699,0.62,3.5,690
B0BDRVFDKP,"SanDisk Ultra® microSDXC™ UHS-I Card, 64GB, 140MB/s R, 10 ",Electronics,Accessories,MemoryCards,MicroSD,,569,"1,000",0.43,4.4,67262
B0B5LVS732,"Noise Pulse Go Buzz Smart Watch Bluetooth Calling with 1.69"" ",Electronics,WearableTechnology,SmartWatches,,,"1,999","4,999",0.6,4.1,10689
B08TV2P1N8,boAt Rockerz 255 Pro+ in-Ear Bluetooth Neckband with Upto 40 ,Electronics,"Headphones,Earbuds&Accessories",Headphones,In-Ear,,"1,399","3,990",0.65,4.1,141841
B07XCM6T4N,STRIFF Adjustable Laptop Tabletop Stand Patented Riser Ventil,Computers&Accessories,Accessories&Peripherals,LaptopAccessories,NotebookComputerStands,,349,"1,499",0.77,4.3,24791
B07T5DKR5D,"ZEBRONICS Zeb-Bro in Ear Wired Earphones with Mic, 3.5mm Audi",Electronics,"Headphones,Earbuds&Accessories",Headphones,In-Ear,,149,399,0.63,3.5,21764
B01DEWVZ2C,"JBL C100SI Wired In Ear Headphones with Mic, JBL Pure Bass So",Electronics,"Headphones,Earbuds&Accessories",Headphones,In-Ear,,599,999,0.4,4.1,192587
B07PR1CL3S,"boAt Rockerz 450 Bluetooth On Ear Headphones with Mic, Upto 1",Electronics,"Headphones,Earbuds&Accessories",Headphones,On-Ear,,"1,220","3,990",0.69,4.1,107151
B09V12K8NT,"boAt Wave Lite Smartwatch with 1.69"" HD Display, Sleek Metal ",Electronics,WearableTechnology,SmartWatches,,,"1,499","6,990",0.79,3.9,21797
B07JQKQ91F,"JBL C50HI, Wired in Ear Headphones with Mic, One Button Multi",Electronics,"Headphones,Earbuds&Accessories",Headphones,In-Ear,,499,999,0.5,3.9,92995
B08W56G1K9,LAPSTER Spiral Charger Spiral Charger Cable Protectors for Wi,Computers&Accessories,Accessories&Peripherals,Cables&Accessories,CableConnectionProtectors,,99,999,0.9,4.1,8751
B07WG8PDCW,"pTron Bullet Pro 36W PD Quick Charger, 3 Port Fast Car Charge",Electronics,Mobiles&Accessories,MobileAccessories,Chargers,AutomobileChargers,349,"1,299",0.73,4,14283
B01L8ZNWN2,"HP v236w USB 2.0 64GB Pen Drive, Metal",Computers&Accessories,ExternalDevices&DataStorage,PenDrives,,,475,"1,500",0.68,4.2,64273
B009VCGPSY,"HP X1000 Wired USB Mouse with 3 Handy Buttons, Fast-Moving Sc",Computers&Accessories,Accessories&Peripherals,"Keyboards,Mice&InputDevices",Mice,,269,649,0.59,4.3,54315
B0B296NTFV,"Portronics Toad 23 Wireless Optical Mouse with 2.4GHz, USB Na",Computers&Accessories,Accessories&Peripherals,"Keyboards,Mice&InputDevices",Mice,,299,599,0.5,4.1,1597
B09NVPSCQT,"Noise ColorFit Pulse Grand Smart Watch with 1.69""(4.29cm) HD ",Electronics,WearableTechnology,SmartWatches,,,"1,599","3,999",0.6,4,30254
B09YV4RG4D,Fire-Boltt Ninja 3 Smartwatch Full Touch 1.69 & 60 Sports Mod,Electronics,WearableTechnology,SmartWatches,,,"1,499","7,999",0.81,4.2,22638
B07TCN5VR9,Boult Audio BassBuds X1 in-Ear Wired Earphones with 10mm Extr,Electronics,"Headphones,Earbuds&Accessories",Headphones,In-Ear,,329,999,0.67,3.9,77027
B00ZYLMQH0,Dell KB216 Wired Multimedia USB Keyboard with Super Quite Plu,Computers&Accessories,Accessories&Peripherals,"Keyboards,Mice&InputDevices",Keyboards,,549,"1,799",0.69,4.3,28829
B09YV4MW2T,Fire-Boltt India's No 1 Smartwatch Brand Talk 2 Bluetooth Cal,Electronics,WearableTechnology,SmartWatches,,,"2,199","9,999",0.78,4.2,29478
B01HJI0FS2,"Dell MS116 1000Dpi USB Wired Optical Mouse, Led Tracking, Scr",Computers&Accessories,Accessories&Peripherals,"Keyboards,Mice&InputDevices",Mice,,299,650,0.54,4.5,33176
B076B8G5D8,Boya ByM1 Auxiliary Omnidirectional Lavalier Condenser Microp,MusicalInstruments,Microphones,Condenser,,,798,"1,995",0.6,4,68664
B07JW9H4J1,Wayona Nylon Braided USB to Lightning Fast Charging and Data ,Computers&Accessories,Accessories&Peripherals,Cables&Accessories,Cables,USBCables,399,"1,099",0.64,4.2,24269
B014SZO90Y,"Duracell Ultra Alkaline AA Battery, 8 Pcs",Electronics,GeneralPurposeBatteries&BatteryChargers,DisposableBatteries,,,266,315,0.16,4.5,28030
B07KCMR8D6,Classmate Octane Neon- Blue Gel Pens(Pack of 5)|Smooth Writin,OfficeProducts,OfficePaperProducts,Paper,Stationery,"Pens,Pencils&WritingSupplies",50,50,0,4.3,5792
B00N1U9AJS,3M Scotch Double Sided Heavy Duty Tape(1m holds 4.5Kgs) for i,Home&Kitchen,CraftMaterials,Scrapbooking,Tape,,130,165,0.21,3.9,14778
B07KY3FNQP,boAt Bassheads 152 in Ear Wired Earphones with Mic(Active Bla,Electronics,"Headphones,Earbuds&Accessories",Headphones,In-Ear,,449,"1,290",0.65,4.1,91770
B0B3N7LR6K,"Fire-Boltt Visionary 1.78"" AMOLED Bluetooth Calling Smartwatc",Electronics,WearableTechnology,SmartWatches,,,"3,999","16,999",0.76,4.3,17162
B07QZ3CZ48,"boAt BassHeads 122 Wired Earphones with Heavy Bass, Integrate",Electronics,"Headphones,Earbuds&Accessories",Headphones,In-Ear,,399,"1,290",0.69,4.2,206
B09T3H12GV,"Dell USB Wireless Keyboard and Mouse Set- KM3322W, Anti-Fade ",Computers&Accessories,Accessories&Peripherals,"Keyboards,Mice&InputDevices",Keyboard&MouseSets,,"1,399","2,498",0.44,4.2,33717
B098NS6PVG,Ambrane Unbreakable 60W / 3A Fast Charging 1.5m Braided Type ,Computers&Accessories,Accessories&Peripherals,Cables&Accessories,Cables,USBCables,199,349,0.43,4,43994
B096MSW6CT,Sounce Fast Phone Charging Cable & Data Sync USB Cable Compat,Computers&Accessories,Accessories&Peripherals,Cables&Accessories,Cables,USBCables,199,999,0.8,3.9,7928
B09ZQK9X8G,Noise ColorFit Pro 4 Advanced Bluetooth Calling Smart Watch w,Electronics,WearableTechnology,SmartWatches,,,"2,998","5,999",0.5,4.1,5179
B08ZJDWTJ1,Seagate Expansion 1TB External HDD - USB 3.0 for Windows and ,Computers&Accessories,ExternalDevices&DataStorage,ExternalHardDisks,,,"4,098","4,999",0.18,4.5,50810
B08FTFXNNB,"HP w100 480P 30 FPS Digital Webcam with Built-in Mic, Plug an",Electronics,Cameras&Photography,VideoCameras,,,499,"1,999",0.75,3.7,3369
B08YDFX7Y1,ZEBRONICS Zeb-Dash Plus 2.4GHz High Precision Wireless Mouse ,Computers&Accessories,Accessories&Peripherals,"Keyboards,Mice&InputDevices",Mice,,299,449,0.33,3.5,11827
B08HDJ86NZ,boAt Deuce USB 300 2 in 1 Type-C & Micro USB Stress Resistant,Computers&Accessories,Accessories&Peripherals,Cables&Accessories,Cables,USBCables,329,699,0.53,4.2,94364
B087FXHB6J,Zebronics Zeb-Companion 107 USB Wireless Keyboard and Mouse S,Computers&Accessories,Accessories&Peripherals,"Keyboards,Mice&InputDevices",Keyboard&MouseSets,,699,999,0.3,3.5,15295
B07N42JB4S,"SYVO WT 3130 Aluminum Tripod (133CM), Universal Lightweight T",Electronics,Cameras&Photography,Accessories,Tripods&Monopods,Tabletop&TravelTripods,799,"3,990",0.8,4.3,27139
B0B31BYXQQ,"Boult Audio Airbass Z20 True Wireless, 40H Battery Life, Zen ",Electronics,"Headphones,Earbuds&Accessories",Headphones,In-Ear,,"1,399","5,499",0.75,3.9,9504
B08CF3B7N1,Portronics Konnect L 1.2M Fast Charging 3A 8 Pin USB Cable wi,Computers&Accessories,Accessories&Peripherals,Cables&Accessories,Cables,USBCables,154,399,0.61,4.2,16905
B07SLMR1K6,"SanDisk Ultra Flair 64GB USB 3.0 Pen Drive, Multicolor",Computers&Accessories,ExternalDevices&DataStorage,PenDrives,,,519,"1,350",0.62,4.3,30058
B09MQSCJQ1,"boAt Xtend Smartwatch with Alexa Built-in, 1.69” HD Display",Electronics,WearableTechnology,SmartWatches,,,"2,299","7,990",0.71,4.2,69619
B094YFFSMY,Tygot Bluetooth Extendable Selfie Sticks with Wireless Remote,Electronics,Mobiles&Accessories,MobileAccessories,Photo&VideoAccessories,SelfieSticks,399,"1,999",0.8,4,3382
B092X94QNQ,boAt Rockerz 330 in-Ear Bluetooth Neckband with Upto 30 Hours,Electronics,"Headphones,Earbuds&Accessories",Headphones,In-Ear,,"1,499","3,990",0.62,4.1,109864
B0846D5CBP,"Casio FX-991ES Plus-2nd Edition Scientific Calculator, Black",OfficeProducts,OfficeElectronics,Calculators,Scientific,,"1,295","1,295",0,4.5,5760
B00KXULGJQ,TP-Link AC750 Wifi Range Extender | Up to 750Mbps | Dual Band,Computers&Accessories,NetworkingDevices,Repeaters&Extenders,,,"1,889","5,499",0.66,4.2,49551
B08H9Z3XQW,boAt Bassheads 242 in Ear Wired Earphones with Mic(Blue),Electronics,"Headphones,Earbuds&Accessories",Headphones,In-Ear,,455,"1,490",0.69,4.1,161677
B08LPJZSSW,DIGITEK® (DTR 260 GT) Gorilla Tripod/Mini 33 cm (13 Inch) Tr,Electronics,Cameras&Photography,Accessories,Tripods&Monopods,TripodLegs,399,995,0.6,3.9,21372
B09MT84WV5,Samsung EVO Plus 128GB microSDXC UHS-I U3 130MB/s Full HD & 4,Electronics,Accessories,MemoryCards,MicroSD,,"1,059","3,999",0.74,4.3,140035
B08Y1TFSP6,"pTron Solero TB301 3A Type-C Data and Fast Charging Cable, Ma",Computers&Accessories,Accessories&Peripherals,Cables&Accessories,Cables,USBCables,149,"1,000",0.85,3.9,24870
B08CYPB15D,HP 805 Black Original Ink Cartridge,Computers&Accessories,"Printers,Inks&Accessories","Inks,Toners&Cartridges",InkjetInkCartridges,,717,761,0.06,4,7199
B085HY1DGR,Sounce Spiral Charger Cable Protector Data Cable Saver Chargi,Computers&Accessories,Accessories&Peripherals,Cables&Accessories,CableConnectionProtectors,,99,999,0.9,4,1396
B00MFPCY5C,GIZGA essentials Universal Silicone Keyboard Protector Skin f,Computers&Accessories,Accessories&Peripherals,"Keyboards,Mice&InputDevices",Keyboard&MiceAccessories,DustCovers,39,299,0.87,3.5,15233
B07JJFSG2B,SanDisk Ultra 128 GB USB 3.0 Pen Drive (Black),Computers&Accessories,ExternalDevices&DataStorage,PenDrives,,,889,"2,500",0.64,4.3,55747
B09NR6G588,Boult Audio ZCharge Bluetooth Wireless in Ear Earphones with ,Electronics,"Headphones,Earbuds&Accessories",Headphones,In-Ear,,"1,199","4,999",0.76,3.8,14961
B07JPX9CR7,"Dell WM118 Wireless Mouse, 2.4 Ghz with USB Nano Receiver, Op",Computers&Accessories,Accessories&Peripherals,"Keyboards,Mice&InputDevices",Mice,,569,"1,299",0.56,4.4,9275
B08D11DZ2W,"Boult Audio AirBass PowerBuds with Inbuilt Powerbank, 120H To",Electronics,"Headphones,Earbuds&Accessories",Headphones,In-Ear,,"1,499","8,999",0.83,3.7,28324
B07Q7561HD,Eveready 1015 Carbon Zinc AA Battery - 10 Pieces,Electronics,GeneralPurposeBatteries&BatteryChargers,DisposableBatteries,,,149,180,0.17,4.4,644
B0819HZPXL,Zebronics Zeb-Transformer-M Optical USB Gaming Mouse with LED,Computers&Accessories,Accessories&Peripherals,PCGamingPeripherals,GamingMice,,399,549,0.27,4.4,18139
B00LXTFMRS,PIDILITE Fevicryl Acrylic Colours Sunflower Kit (10 Colors x ,Home&Kitchen,CraftMaterials,PaintingMaterials,Paints,,191,225,0.15,4.4,7203
B0B9LDCX89,"STRIFF Mpad Mouse Mat 230X190X3mm Gaming Mouse Pad, Non-Slip ",Computers&Accessories,Accessories&Peripherals,"Keyboards,Mice&InputDevices",Keyboard&MiceAccessories,MousePads,129,999,0.87,4.2,491
B0765B3TH7,"Gizga Essentials Hard Drive Case Shell, 6.35cm/2.5-inch, Port",Computers&Accessories,Accessories&Peripherals,HardDiskBags,,,199,599,0.67,4.5,13568
B0B1F6GQPS,"Boult Audio FXCharge with ENC, 32H Playtime, 5min=7H Type C F",Electronics,"Headphones,Earbuds&Accessories",Headphones,In-Ear,,999,"4,499",0.78,3.8,3390
B07LG59NPV,Boult Audio Probass Curve Bluetooth Wireless in Ear Earphones,Electronics,"Headphones,Earbuds&Accessories",Headphones,In-Ear,,899,"4,499",0.8,3.8,103052
B07RD611Z8,"Ambrane 20000mAh Power Bank with 20W Fast Charging, Triple Ou",Electronics,Mobiles&Accessories,MobileAccessories,Chargers,PowerBanks,"1,799","2,499",0.28,4.1,18678
B08WRWPM22,"boAt Micro USB 55 Tangle-free, Sturdy Micro USB Cable with 3A",Computers&Accessories,Accessories&Peripherals,Cables&Accessories,Cables,USBCables,176.63,499,0.65,4.1,15189
B00AXHBBXU,"Casio FX-82MS 2nd Gen Non-Programmable Scientific Calculator,",OfficeProducts,OfficeElectronics,Calculators,Scientific,,522,550,0.05,4.4,12179
B08MCD9JFY,"Tygot 10 Inches Big LED Ring Light for Camera, Phone tiktok Y",Electronics,Cameras&Photography,Flashes,Macro&RinglightFlashes,,799,"1,999",0.6,3.8,12958
B083RCTXLL,"HP X200 Wireless Mouse with 2.4 GHz Wireless connectivity, Ad",Computers&Accessories,Accessories&Peripherals,"Keyboards,Mice&InputDevices",Mice,,681,"1,199",0.43,4.2,8258
B08HLZ28QC,Oakter Mini UPS for 12V WiFi Router Broadband Modem | Backup ,Computers&Accessories,NetworkingDevices,,,,"1,199","3,490",0.66,4.1,11716
B07GVR9TG7,TP-Link Archer AC1200 Archer C6 Wi-Fi Speed Up to 867 Mbps/5 ,Computers&Accessories,NetworkingDevices,Routers,,,"2,499","4,999",0.5,4.4,35024
B0856HY85J,boAt Rockerz 550 Over Ear Bluetooth Headphones with Upto 20 H,Electronics,"Headphones,Earbuds&Accessories",Headphones,Over-Ear,,"1,799","4,999",0.64,4.1,55192
B07CD2BN46,Xiaomi Mi Wired in Ear Earphones with Mic Basic with Ultra De,Electronics,"Headphones,Earbuds&Accessories",Headphones,In-Ear,,429,599,0.28,4.1,119466
B07PLHTTB4,Zodo 8. 5 inch LCD E-Writer Electronic Writing Pad/Tablet Dra,Computers&Accessories,Accessories&Peripherals,"Keyboards,Mice&InputDevices",GraphicTablets,,100,499,0.8,3.5,9638
B077T3BG5L,Zebronics ZEB-KM2100 Multimedia USB Keyboard Comes with 114 K,Computers&Accessories,Accessories&Peripherals,"Keyboards,Mice&InputDevices",Keyboards,,329,399,0.18,3.6,33735
B08DDRGWTJ,MI Usb Type-C Cable Smartphone (Black),Computers&Accessories,Accessories&Peripherals,Cables&Accessories,Cables,USBCables,229,299,0.23,4.3,30411
B079Y6JZC8,"ZEBRONICS Zeb-Comfort Wired USB Mouse, 3-Button, 1000 DPI Opt",Computers&Accessories,Accessories&Peripherals,"Keyboards,Mice&InputDevices",Mice,,139,299,0.54,3.8,3044
B0856HNMR7,boAt Rockerz 370 On Ear Bluetooth Headphones with Upto 12 Hou,Electronics,"Headphones,Earbuds&Accessories",Headphones,On-Ear,,"1,199","2,499",0.52,4,33584
B0B12K5BPM,ZEBRONICS Zeb-Astra 20 Wireless BT v5.0 Portable Speaker with,Electronics,HomeAudio,Speakers,BluetoothSpeakers,,"1,049","2,299",0.54,3.9,1779
B08MTCKDYN,Gizga Essentials Spiral Cable Protector Cord Saver for Mac Ch,Electronics,Mobiles&Accessories,MobileAccessories,Décor,,119,299,0.6,4.1,5999
B08CF3D7QR,Portronics Konnect L POR-1081 Fast Charging 3A Type-C Cable 1,Computers&Accessories,Accessories&Peripherals,Cables&Accessories,Cables,USBCables,154,339,0.55,4.3,13391
B00LVMTA2A,Panasonic CR-2032/5BE Lithium Coin Battery - Pack of 5,Electronics,GeneralPurposeBatteries&BatteryChargers,,,,225,250,0.1,4.4,26556
B07TR5HSR9,MemeHo® Smart Standard Multi-Purpose Laptop Table with Dock ,Computers&Accessories,Accessories&Peripherals,LaptopAccessories,Lapdesks,,656,"1,499",0.56,4.3,25903
B0819ZZK5K,SanDisk Ultra Dual Drive Go USB Type C Pendrive for Mobile (B,Computers&Accessories,ExternalDevices&DataStorage,PenDrives,,,"1,109","2,800",0.6,4.3,53464
B096VF5YYF,"boAt Xtend Smartwatch with Alexa Built-in, 1.69” HD Display",Electronics,WearableTechnology,SmartWatches,,,"2,999","7,990",0.62,4.1,48448
B08QJJCY2Q,Tizum Mouse Pad/ Computer Mouse Mat with Anti-Slip Rubber Bas,Computers&Accessories,Accessories&Peripherals,"Keyboards,Mice&InputDevices",Keyboard&MiceAccessories,MousePads,169,299,0.43,4.4,5176
B07L5L4GTB,Epson 003 65 ml for EcoTank L1110/L3100/L3101/L3110/L3115/L31,Computers&Accessories,"Printers,Inks&Accessories","Inks,Toners&Cartridges",InkjetInkCartridges,,309,404,0.24,4.4,8614
B07L8KNP5F,ZEBRONICS Zeb-Thunder Bluetooth Wireless Over Ear Headphone F,Electronics,"Headphones,Earbuds&Accessories",Headphones,On-Ear,,599,"1,399",0.57,3.8,60026
B08CF4SCNP,"Quantum QHM-7406 Full-Sized Keyboard with (₹) Rupee Symbol,",Computers&Accessories,Accessories&Peripherals,"Keyboards,Mice&InputDevices",Keyboards,,299,599,0.5,3.8,3066
B09XX51X2G,"STRIFF Laptop Tabletop Stand, Fold-Up, Adjustable, Ventilated",Computers&Accessories,Accessories&Peripherals,LaptopAccessories,Lapdesks,,449,999,0.55,4,2102
B01M72LILF,"Logitech M221 Wireless Mouse, Silent Buttons, 2.4 GHz with US",Computers&Accessories,Accessories&Peripherals,"Keyboards,Mice&InputDevices",Mice,,799,"1,295",0.38,4.4,34852
B07KSMBL2H,"AmazonBasics Flexible Premium HDMI Cable (Black, 4K@60Hz, 18G",Electronics,"HomeTheater,TV&Video",Accessories,Cables,HDMICables,219,700,0.69,4.4,426972
B00LZLQ624,"Classmate Soft Cover 6 Subject Spiral Binding Notebook, Singl",OfficeProducts,OfficePaperProducts,Paper,Stationery,"Notebooks,WritingPads&Diaries",157,160,0.02,4.5,8618
B07DJLFMPS,HP 32GB Class 10 MicroSD Memory Card (U1 TF Card 32GB),Electronics,Accessories,MemoryCards,MicroSD,,369,"1,600",0.77,4,32625
B09GB5B4BK,HP 150 Wireless USB Mouse with Ergonomic and ambidextrous Des,Computers&Accessories,Accessories&Peripherals,"Keyboards,Mice&InputDevices",Mice,,599,899,0.33,4,4018
B015ZXUDD0,"Duracell Rechargeable AA 1300mAh Batteries, 4Pcs",Electronics,GeneralPurposeBatteries&BatteryChargers,RechargeableBatteries,,,479,599,0.2,4.3,11687
B085DTN6R2,Portronics Konnect CL 20W POR-1067 Type-C to 8 Pin USB 1.2M C,Computers&Accessories,Accessories&Peripherals,Cables&Accessories,Cables,USBCables,350,899,0.61,4.2,2262
B09PL79D2X,boAt Airdopes 181 in-Ear True Wireless Earbuds with ENx  Tech,Electronics,"Headphones,Earbuds&Accessories",Headphones,In-Ear,,"1,598","2,990",0.47,3.8,11015
B098K3H92Z,"TP-Link USB Bluetooth Adapter for PC, 5.0 Bluetooth Dongle Re",Computers&Accessories,NetworkingDevices,NetworkAdapters,BluetoothAdapters,,599,899,0.33,4.3,95116
B09KLVMZ3B,Portronics Konnect L 1.2M POR-1401 Fast Charging 3A 8 Pin USB,Computers&Accessories,Accessories&Peripherals,Cables&Accessories,Cables,USBCables,159,399,0.6,4.1,4768
B084PJSSQ1,"SanDisk Ultra Dual Drive Luxe USB Type C Flash Drive (Silver,",Computers&Accessories,ExternalDevices&DataStorage,PenDrives,,,"1,299","3,000",0.57,4.3,23022
B097R25DP7,"Noise ColorFit Pulse Smartwatch with 3.56 cm (1.4"") Full Touc",Electronics,WearableTechnology,SmartWatches,,,"1,599","4,999",0.68,4,67951
B097C564GC,"rts [2 Pack] Mini USB C Type C Adapter Plug, Type C Female to",Computers&Accessories,Accessories&Peripherals,Adapters,USBtoUSBAdapters,,294,"4,999",0.94,4.3,4426
B08CYNJ5KY,HP 682 Black Original Ink Cartridge,Computers&Accessories,"Printers,Inks&Accessories","Inks,Toners&Cartridges",InkjetInkCartridges,,828,861,0.04,4.2,4567
B00Y4ORQ46,Logitech H111 Wired On Ear Headphones With Mic Black,Electronics,"Headphones,Earbuds&Accessories",Headphones,On-Ear,,745,795,0.06,4,13797
B074CWD7MS,"Digitek DTR 550 LW (67 Inch) Tripod For DSLR, Camera |Operati",Electronics,Cameras&Photography,Accessories,Tripods&Monopods,CompleteTripodUnits,"1,549","2,495",0.38,4.4,15137
B083342NKJ,MI Braided USB Type-C Cable for Charging Adapter (Red),Computers&Accessories,Accessories&Peripherals,Cables&Accessories,Cables,USBCables,349,399,0.13,4.4,18757
B09C6HXFC1,Duracell USB Lightning Apple Certified (Mfi) Braided Sync & C,Computers&Accessories,Accessories&Peripherals,Cables&Accessories,Cables,USBCables,970,"1,799",0.46,4.5,815
B00A0VCJPI,TP-Link TL-WA850RE Single_Band 300Mbps RJ45 Wireless Range Ex,Computers&Accessories,NetworkingDevices,Repeaters&Extenders,,,"1,469","2,499",0.41,4.2,156638
B00UGZWM2I,COI Note Pad/Memo Book with Sticky Notes & Clip Holder with P,OfficeProducts,OfficePaperProducts,Paper,Stationery,"Notebooks,WritingPads&Diaries",198,800,0.75,4.1,9344
B00R1P3B4O,Fujifilm Instax Mini Single Pack 10 Sheets Instant Film for F,Electronics,Cameras&Photography,Accessories,Film,,549,549,0,4.5,4875
B0B3MWYCHQ,Fire-Boltt Ring 3 Smart Watch 1.8 Biggest Display with Advanc,Electronics,WearableTechnology,SmartWatches,,,"2,999","9,999",0.7,4.2,20881
B09DG9VNWB,"Samsung Galaxy Watch4 Bluetooth(4.4 cm, Black, Compatible wit",Electronics,WearableTechnology,SmartWatches,,,"12,000","29,999",0.6,4.3,4744
B09Y5MP7C4,Noise Buds Vs104 Bluetooth Truly Wireless in Ear Earbuds with,Electronics,"Headphones,Earbuds&Accessories",Headphones,In-Ear,,"1,299","3,499",0.63,3.9,12452
B01DJJVFPC,"Duracell Ultra Alkaline AAA Battery, 8 Pcs",Electronics,GeneralPurposeBatteries&BatteryChargers,DisposableBatteries,,,269,315,0.15,4.5,17810
B07DFYJRQV,"JBL C200SI, Premium in Ear Wired Earphones with Mic, Signatur",Electronics,"Headphones,Earbuds&Accessories",Headphones,In-Ear,,799,"1,499",0.47,4.1,53648
B08L879JSN,Acer EK220Q 21.5 Inch (54.61 cm) Full HD (1920x1080) VA Panel,Computers&Accessories,Monitors,,,,"6,299","13,750",0.54,4.2,2014
B08TDJNM3G,E-COSMOS 5V 1.2W Portable Flexible USB LED Light (Colors May ,Computers&Accessories,Accessories&Peripherals,USBGadgets,Lamps,,59,59,0,3.8,5958
B06XSK3XL6,boAt Dual Port Rapid Car Charger (Qualcomm Certified) with Qu,Electronics,Mobiles&Accessories,MobileAccessories,Chargers,AutomobileChargers,571,999,0.43,4.3,38221
B07YNTJ8ZM,Zebronics ZEB-COUNTY 3W Wireless Bluetooth Portable Speaker W,Electronics,HomeAudio,Speakers,BluetoothSpeakers,,549,999,0.45,3.9,64705
B09KGV7WSV,"KINGONE Upgraded Stylus Pen, iPad Pencil, Ultra High Precisio",Electronics,Mobiles&Accessories,MobileAccessories,StylusPens,,"2,099","5,999",0.65,4.3,17129
B08DPLCM6T,LG 80 cm (32 inches) HD Ready Smart LED TV 32LM563BPTC (Dark ,Electronics,"HomeTheater,TV&Video",Televisions,SmartTelevisions,,"13,490","21,990",0.39,4.3,11976
B07KR5P3YD,Zebronics Wired Keyboard and Mouse Combo with 104 Keys and a ,Computers&Accessories,Accessories&Peripherals,"Keyboards,Mice&InputDevices",Keyboard&MouseSets,,448,699,0.36,3.9,17348
B08FB2LNSZ,"JBL Tune 215BT, 16 Hrs Playtime with Quick Charge, in Ear Blu",Electronics,"Headphones,Earbuds&Accessories",Headphones,In-Ear,,"1,499","2,999",0.5,3.7,87798
B01IBRHE3E,"Gizga Essentials Professional 3-in-1 Cleaning Kit for Camera,",Electronics,Cameras&Photography,Accessories,Cleaners,CleaningKits,299,499,0.4,4.2,24432
B01N6LU1VF,SanDisk Ultra Dual 64 GB USB 3.0 OTG Pen Drive (Black),Computers&Accessories,ExternalDevices&DataStorage,PenDrives,,,579,"1,400",0.59,4.3,189104
B07XLML2YS,TP-Link Tapo 360° 2MP 1080p Full HD Pan/Tilt Home Security W,Electronics,Cameras&Photography,SecurityCameras,DomeCameras,,"2,499","3,299",0.24,4.2,93112
B086WMSCN3,boAt Airdopes 171 in Ear Bluetooth True Wireless Earbuds with,Electronics,"Headphones,Earbuds&Accessories",Headphones,In-Ear,,"1,199","5,999",0.8,3.9,47521
B003B00484,Duracell Plus AAA Rechargeable Batteries (750 mAh) Pack of 4,Electronics,GeneralPurposeBatteries&BatteryChargers,RechargeableBatteries,,,399,499,0.2,4.3,27201
B085194JFL,"tizum HDMI to VGA Adapter Cable 1080P for Projector, Computer",Electronics,"HomeTheater,TV&Video",Accessories,Cables,HDMICables,279,499,0.44,3.7,10962
B09F6S8BT6,Samsung 80 cm (32 Inches) Wondertainment Series HD Ready LED ,Electronics,"HomeTheater,TV&Video",Televisions,SmartTelevisions,,"13,490","22,900",0.41,4.3,16299
B003L62T7W,"Logitech B100 Wired USB Mouse, 3 yr Warranty, 800 DPI Optical",Computers&Accessories,Accessories&Peripherals,"Keyboards,Mice&InputDevices",Mice,,279,375,0.26,4.3,31534
B09P18XVW6,"Noise Pulse Buzz 1.69"" Bluetooth Calling Smart Watch with Cal",Electronics,WearableTechnology,SmartWatches,,,"2,499","4,999",0.5,3.9,7571
B00LZLPYHW,Classmate 2100117 Soft Cover 6 Subject Spiral Binding Noteboo,OfficeProducts,OfficePaperProducts,Paper,Stationery,"Notebooks,WritingPads&Diaries",137,160,0.14,4.4,6537
B09NHVCHS9,Flix Micro Usb Cable For Smartphone (Black),Computers&Accessories,Accessories&Peripherals,Cables&Accessories,Cables,USBCables,59,199,0.7,4,9377
B00NNQMYNE,"AirCase Rugged Hard Drive Case for 2.5-inch Western Digital, ",Computers&Accessories,Accessories&Peripherals,HardDiskBags,,,299,499,0.4,4.5,21010
B0B217Z5VK,"Noise Buds VS402 Truly Wireless in Ear Earbuds, 35-Hours of P",Electronics,"Headphones,Earbuds&Accessories",Headphones,In-Ear,,"1,799","3,999",0.55,3.9,3517
B07B88KQZ8,"JBL Go 2, Wireless Portable Bluetooth Speaker with Mic, JBL S",Electronics,HomeAudio,Speakers,BluetoothSpeakers,,"1,999","2,999",0.33,4.3,63899
B01M4GGIVU,Tizum High Speed HDMI Cable with Ethernet | Supports 3D 4K | ,Electronics,"HomeTheater,TV&Video",Accessories,Cables,HDMICables,199,699,0.72,4.2,12153
B07Z3K96FR,Robustrion Tempered Glass Screen Protector for iPad 10.2 inch,Computers&Accessories,Accessories&Peripherals,TabletAccessories,ScreenProtectors,,399,"1,499",0.73,4.1,5730
B0756CLQWL,"Redgear Pro Wireless Gamepad with 2.4GHz Wireless Technology,",Computers&Accessories,Accessories&Peripherals,PCGamingPeripherals,Gamepads,,"1,699","3,999",0.58,4.2,25488
B004IO5BMQ,"Logitech M235 Wireless Mouse, 1000 DPI Optical Tracking, 12 M",Computers&Accessories,Accessories&Peripherals,"Keyboards,Mice&InputDevices",Mice,,699,995,0.3,4.5,54405
B09Z6WH2N1,STRIFF 12 Pieces Highly Flexible Silicone Micro USB Protector,Electronics,Mobiles&Accessories,MobileAccessories,Décor,,95,499,0.81,4.2,1949
B01HGCLUH6,TP-link N300 WiFi Wireless Router TL-WR845N | 300Mbps Wi-Fi S,Computers&Accessories,NetworkingDevices,Routers,,,"1,149","1,699",0.32,4.2,122478
B01N4EV2TL,"Logitech MK240 Nano Wireless USB Keyboard and Mouse Set, 12 F",Computers&Accessories,Accessories&Peripherals,"Keyboards,Mice&InputDevices",Keyboard&MouseSets,,"1,495","1,995",0.25,4.3,7241
B08MZQBFLN,Callas Multipurpose Foldable Laptop Table with Cup Holder | D,Computers&Accessories,Accessories&Peripherals,LaptopAccessories,Lapdesks,,849,"4,999",0.83,4,20457
B0752LL57V,Casio MJ-12D 150 Steps Check and Correct Desktop Calculator,OfficeProducts,OfficeElectronics,Calculators,Basic,,440,440,0,4.5,8610
B08K4PSZ3V,"Tukzer Capacitive Stylus Pen for Touch Screens Devices, Fine ",Electronics,Mobiles&Accessories,MobileAccessories,StylusPens,,349,999,0.65,3.8,16557
B09Z28BQZT,Amazon Basics Multipurpose Foldable Laptop Table with Cup Hol,Computers&Accessories,Accessories&Peripherals,LaptopAccessories,Lapdesks,,599,"3,999",0.85,3.9,1087
B094DQWV9B,Kanget [2 Pack] Type C Female to USB A Male Charger | Chargin,Computers&Accessories,Accessories&Peripherals,Adapters,USBtoUSBAdapters,,149,399,0.63,4,1540
B0BBMPH39N,Amazon Basics Magic Slate 8.5-inch LCD Writing Tablet with St,Computers&Accessories,Accessories&Peripherals,"Keyboards,Mice&InputDevices",GraphicTablets,,289,999,0.71,4.1,401
B097JQ1J5G,"Zebronics ZEB-90HB USB Hub, 4 Ports, Pocket Sized, Plug & Pla",Computers&Accessories,Accessories&Peripherals,USBHubs,,,179,499,0.64,3.4,9385
B07YY1BY5B,Noise ColorFit Pro 2 Full Touch Control Smart Watch with 35g ,Electronics,WearableTechnology,SmartWatches,,,"1,499","4,999",0.7,4,92588
B08VRMK55F,"Zebronics Zeb Buds C2 in Ear Type C Wired Earphones with Mic,",Electronics,"Headphones,Earbuds&Accessories",Headphones,In-Ear,,399,699,0.43,3.4,3454
B08CHZ3ZQ7,"Redgear A-15 Wired Gaming Mouse with Upto 6400 DPI, RGB & Dri",Computers&Accessories,Accessories&Peripherals,PCGamingPeripherals,GamingMice,,599,799,0.25,4.3,15790
B08SCCG9D4,JBL Commercial CSLM20B Auxiliary Omnidirectional Lavalier Mic,Computers&Accessories,Accessories&Peripherals,Audio&VideoAccessories,PCMicrophones,,949,"2,000",0.53,3.9,14969
B0972BQ2RS,Fire-Boltt India's No 1 Smartwatch Brand Ring Bluetooth Calli,Electronics,WearableTechnology,SmartWatches,,,"2,499","9,999",0.75,4.1,42139
B00ZRBWPA0,Eveready Red 1012 AAA Batteries - Pack of 10,Electronics,GeneralPurposeBatteries&BatteryChargers,DisposableBatteries,,,159,180,0.12,4.3,989
B0B2DD66GS,SanDisk Extreme microSD UHS I Card 128GB for 4K Video on Smar,Electronics,Accessories,MemoryCards,MicroSD,,"1,329","2,900",0.54,4.5,19624
B09M869Z5V,Portronics MPORT 31C 4-in-1 USB Hub (Type C to 4 USB-A Ports),Computers&Accessories,Accessories&Peripherals,USBHubs,,,570,999,0.43,4.2,3201
B07W6VWZ8C,"Infinity (JBL Fuze Pint, Wireless Ultra Portable Mini Speaker",Electronics,HomeAudio,Speakers,OutdoorSpeakers,,899,"1,999",0.55,4.1,30469
B07Z1X6VFC,"AirCase Protective Laptop Bag Sleeve fits Upto 13.3"" Laptop/ ",Computers&Accessories,Accessories&Peripherals,LaptopAccessories,Bags&Sleeves,LaptopSleeves&Slipcases,449,999,0.55,4.4,9940
B07YL54NVJ,"Brand Conquer 6 in 1 with OTG, SD Card Reader, USB Type C, US",Computers&Accessories,ExternalDevices&DataStorage,ExternalMemoryCardReaders,,,549,999,0.45,4.3,7758
B0759QMF85,"TP-Link AC750 Dual Band Wireless Cable Router, 4 10/100 LAN +",Computers&Accessories,NetworkingDevices,Routers,,,"1,529","2,399",0.36,4.3,68409
B00LM4X0KU,"Parker Quink Ink Bottle, Blue",OfficeProducts,OfficePaperProducts,Paper,Stationery,"Pens,Pencils&WritingSupplies",100,100,0,4.3,3095
B08PFSZ7FH,STRIFF Laptop Stand Adjustable Laptop Computer Stand Multi-An,Computers&Accessories,Accessories&Peripherals,LaptopAccessories,NotebookComputerStands,,299,"1,499",0.8,4.2,903
B012MQS060,"Logitech MK215 Wireless Keyboard and Mouse Combo for Windows,",Computers&Accessories,Accessories&Peripherals,"Keyboards,Mice&InputDevices",Keyboard&MouseSets,,"1,295","1,795",0.28,4.1,25771
B01MF8MB65,boAt Bassheads 225 in Ear Wired Earphones with Mic(Blue),Electronics,"Headphones,Earbuds&Accessories",Headphones,In-Ear,,699,999,0.3,4.1,273189
B00LHZWD0C,"Luxor 5 Subject Single Ruled Notebook - A4, 70 GSM, 300 pages",OfficeProducts,OfficePaperProducts,Paper,Stationery,"Notebooks,WritingPads&Diaries",252,315,0.2,4.5,3785
B08QDPB1SL,Duracell Chhota Power AA Battery Set of 10 Pcs,Electronics,GeneralPurposeBatteries&BatteryChargers,DisposableBatteries,,,190,220,0.14,4.4,2866
B07BRKK9JQ,Zebronics Zeb-Transformer Gaming Keyboard and Mouse Combo (US,Computers&Accessories,Accessories&Peripherals,"Keyboards,Mice&InputDevices",Keyboard&MouseSets,,"1,299","1,599",0.19,4.3,27223
B01EZ0X3L8,"SanDisk Ultra 64 GB USB Pen Drives (SDDDC2-064G-I35, Black, S",Computers&Accessories,ExternalDevices&DataStorage,PenDrives,,,729,"1,650",0.56,4.3,82356
B00LM4W1N2,Parker Classic Gold Gold Trim Ball Pen,OfficeProducts,OfficePaperProducts,Paper,Stationery,"Pens,Pencils&WritingSupplies",480,600,0.2,4.3,5719
B0949SBKMP,"boAt Flash Edition Smart Watch with Activity Tracker, Multipl",Electronics,WearableTechnology,SmartWatches,,,"1,799","6,990",0.74,4,26880
B08YD264ZS,"Tarkan Portable Folding Laptop Desk for Bed, Lapdesk with Han",Computers&Accessories,Accessories&Peripherals,LaptopAccessories,Lapdesks,,999,"2,499",0.6,4.3,1690
B094JNXNPV,Ambrane Unbreakable 3 in 1 Fast Charging Braided Multipurpose,Computers&Accessories,Accessories&Peripherals,Cables&Accessories,Cables,USBCables,299,399,0.25,4,2766
B00GZLB57U,Quantum RJ45 Ethernet Patch Cable/LAN Router Cable with Heavy,Computers&Accessories,Accessories&Peripherals,Cables&Accessories,Cables,EthernetCables,238,699,0.66,4.4,8372
B07V82W5CN,HP USB Wireless Spill Resistance Keyboard and Mouse Set with ,Computers&Accessories,Accessories&Peripherals,"Keyboards,Mice&InputDevices",Keyboard&MouseSets,,"1,349","2,198",0.39,4,7113
B077Z65HSD,"boAt A400 USB Type-C to USB-A 2.0 Male Data Cable, 2 Meter (B",Computers&Accessories,Accessories&Peripherals,Cables&Accessories,Cables,USBCables,299,999,0.7,4.3,20850
B08HD7JQHX,HUMBLE Dynamic Lapel Collar Mic Voice Recording Filter Microp,Computers&Accessories,Accessories&Peripherals,Audio&VideoAccessories,PCMicrophones,,199,499,0.6,3.3,2804
B0B31FR4Y2,"Boult Audio Omega with 30dB ANC+ ENC, 32H Playtime, 45ms Late",Electronics,"Headphones,Earbuds&Accessories",Headphones,In-Ear,,"1,999","9,999",0.8,3.7,1986
B09Y14JLP3,STRIFF UPH2W Multi Angle Tablet/Mobile Stand. Holder for iPho,Electronics,Mobiles&Accessories,MobileAccessories,Stands,,99,499,0.8,4.1,2451
B09ZHCJDP1,"Amazon Basics Wireless Mouse | 2.4 GHz Connection, 1600 DPI |",Computers&Accessories,Accessories&Peripherals,"Keyboards,Mice&InputDevices",Mice,,499,"1,000",0.5,5,23
B08C4Z69LN,Crucial RAM 8GB DDR4 3200MHz CL22 (or 2933MHz or 2666MHz) Lap,Computers&Accessories,Components,Memory,,,"1,792","3,500",0.49,4.5,26194
B016XVRKZM,"APC Back-UPS BX600C-IN 600VA / 360W, 230V, UPS System, an Ide",Computers&Accessories,Accessories&Peripherals,UninterruptedPowerSupplies,,,"3,299","4,100",0.2,3.9,15783
B00LHZW3XY,"Luxor 5 Subject Single Ruled Notebook - A5 Size, 70 GSM, 300 ",OfficeProducts,OfficePaperProducts,Paper,Stationery,"Notebooks,WritingPads&Diaries",125,180,0.31,4.4,8053
B098JYT4SY,"Zebronics Zeb-Jaguar Wireless Mouse, 2.4GHz with USB Nano Rec",Computers&Accessories,Accessories&Peripherals,"Keyboards,Mice&InputDevices",Mice,,399,"1,190",0.66,4.1,2809
B08CFCK6CW,"Boult Audio Truebuds with 30H Playtime, IPX7 Waterproof, Ligh",Electronics,"Headphones,Earbuds&Accessories",Headphones,In-Ear,,"1,199","7,999",0.85,3.6,25910
B09P564ZTJ,"Wembley LCD Writing Pad/Tab | Writing, Drawing, Reusable, Por",Computers&Accessories,Accessories&Peripherals,"Keyboards,Mice&InputDevices",GraphicTablets,,235,"1,599",0.85,3.8,1173
B07MSLTW8Z,Gizga Essentials Multi-Purpose Portable & Foldable Wooden Des,Computers&Accessories,Accessories&Peripherals,LaptopAccessories,Lapdesks,,549,"1,999",0.73,3.6,6422
B09N6TTHT6,E-COSMOS Plug in LED Night Light Mini USB LED Light Flexible ,Computers&Accessories,Accessories&Peripherals,USBGadgets,Lamps,,89,99,0.1,4.2,241
B09W5XR9RT,Duracell USB C To Lightning Apple Certified (Mfi) Braided Syn,Computers&Accessories,Accessories&Peripherals,Cables&Accessories,Cables,USBCables,970,"1,999",0.51,4.4,184
B098R25TGC,Noise Buds VS201 V2 in-Ear Truly Wireless Earbuds with Dual E,Electronics,"Headphones,Earbuds&Accessories",Headphones,In-Ear,,"1,299","2,999",0.57,3.8,14629
B0B2PQL5N3,"Lapster Gel Mouse pad with Wrist Rest , Gaming Mouse Pad with",Computers&Accessories,Accessories&Peripherals,"Keyboards,Mice&InputDevices",Keyboard&MiceAccessories,MousePads,230,999,0.77,4.2,1528
B07DKZCZ89,"Gizga Essentials Earphone Carrying Case, Multi-Purpose Pocket",Electronics,"Headphones,Earbuds&Accessories",Cases,,,119,499,0.76,4.3,15032
B08GYG6T12,SanDisk Ultra SDHC UHS-I Card 32GB 120MB/s R for DSLR Cameras,Electronics,Accessories,MemoryCards,SecureDigitalCards,,449,800,0.44,4.4,69585
B09BN2NPBD,DIGITEK® (DRL-14C) Professional (31cm) Dual Temperature LED ,Electronics,Mobiles&Accessories,MobileAccessories,Photo&VideoAccessories,Flashes&SelfieLights,"1,699","3,495",0.51,4.1,14371
B00J4YG0PC,"Classmate Long Notebook - 140 Pages, Single Line, 297mm x 210",OfficeProducts,OfficePaperProducts,Paper,Stationery,"Notebooks,WritingPads&Diaries",561,720,0.22,4.4,3182
B073BRXPZX,"Lenovo 300 Wired Plug & Play USB Mouse, High Resolution 1600 ",Computers&Accessories,Accessories&Peripherals,"Keyboards,Mice&InputDevices",Mice,,289,590,0.51,4.4,25886
B08LHTJTBB,Dyazo 6 Angles Adjustable Aluminum Ergonomic Foldable Portabl,Computers&Accessories,Accessories&Peripherals,LaptopAccessories,NotebookComputerStands,,599,"1,999",0.7,4.4,4736
B07VTFN6HM,"Western Digital WD 2TB My Passport Portable Hard Disk Drive, ",Computers&Accessories,ExternalDevices&DataStorage,ExternalHardDisks,,,"5,599","7,350",0.24,4.4,73005
B008QS9J6Y,Logitech C270 Digital HD Webcam with Widescreen HD Video Call,Computers&Accessories,Accessories&Peripherals,Audio&VideoAccessories,Webcams&VoIPEquipment,Webcams,"1,990","2,595",0.23,4.3,20398
B09M8888DM,Portronics MPORT 31 4 Ports USB Hub (USB A to 4 USB-A Ports 4,Computers&Accessories,Accessories&Peripherals,USBHubs,,,499,799,0.38,4.3,2125
B07Z1YVP72,"AirCase Protective Laptop Bag Sleeve fits Upto 15.6"" Laptop/ ",Computers&Accessories,Accessories&Peripherals,LaptopAccessories,Bags&Sleeves,LaptopSleeves&Slipcases,449,999,0.55,4.3,11330
B082FTPRSK,Zinq Five Fan Cooling Pad and Laptop Stand with Dual Height A,Computers&Accessories,Accessories&Peripherals,LaptopAccessories,CoolingPads,,999,"1,999",0.5,4.2,27441
B09RF2QXGX,"Gizga Essentials Webcam Cover, Privacy Protector Webcam Cover",Computers&Accessories,Accessories&Peripherals,LaptopAccessories,CameraPrivacyCovers,,69,299,0.77,4.3,255
B01KK0HU3Y,HP Z3700 Wireless Optical Mouse with USB Receiver and 2.4GHz ,Computers&Accessories,Accessories&Peripherals,"Keyboards,Mice&InputDevices",Mice,,899,"1,499",0.4,4.2,23174
B07JF9B592,MAONO AU-400 Lavalier Auxiliary Omnidirectional Microphone (B,MusicalInstruments,Microphones,Condenser,,,478,699,0.32,3.8,20218
B086394NY5,TABLE MAGIC Multipurpose Laptop Table Mat Finish Top Work at ,Computers&Accessories,Accessories&Peripherals,LaptopAccessories,,,"1,399","2,490",0.44,4.3,11074
B00NH11PEY,AmazonBasics USB 2.0 - A-Male to A-Female Extension Cable for,Computers&Accessories,Accessories&Peripherals,Cables&Accessories,Cables,USBCables,199,750,0.73,4.5,74976
B017PDR9N0,GIZGA Essentials Portable Tabletop Tablet Stand Mobile Holder,Computers&Accessories,Accessories&Peripherals,TabletAccessories,Stands,,149,499,0.7,4.1,25607
B07NC12T2R,boAt Stone 650 10W Bluetooth Speaker with Upto 7 Hours Playba,Electronics,HomeAudio,Speakers,BluetoothSpeakers,,"1,799","4,990",0.64,4.2,41226
B07WKBD37W,ESnipe Mart Worldwide Travel Adapter with Build in Dual USB C,HomeImprovement,Electrical,Adapters&Multi-Outlets,,,425,999,0.57,4,2581
B08JMC1988,boAt Stone 180 5W Bluetooth Speaker with Upto 10 Hours Playba,Electronics,HomeAudio,Speakers,OutdoorSpeakers,,999,"2,490",0.6,4.1,18331
B09GFN8WZL,Portronics Ruffpad 8.5M Multicolor LCD Writing Pad with Scree,Computers&Accessories,Accessories&Peripherals,"Keyboards,Mice&InputDevices",GraphicTablets,,378,999,0.62,4.1,1779
B095X38CJS,BRUSTRO Copytinta Coloured Craft Paper A4 Size 80 GSM Mixed B,OfficeProducts,OfficePaperProducts,Paper,Copy&PrintingPaper,ColouredPaper,99,99,0,4.3,388
B07ZKD8T1Q,Cuzor 12V Mini ups for WiFi Router | Power Backup up to 4 Hou,Computers&Accessories,NetworkingDevices,Routers,,,"1,499","2,999",0.5,4.5,8656
B07G3YNLJB,Crucial BX500 240GB 3D NAND SATA 6.35 cm (2.5-inch) SSD (CT24,Computers&Accessories,Components,InternalSolidStateDrives,,,"1,815","3,100",0.41,4.5,92925
B00P93X2H6,"Classmate Pulse Spiral Notebook - 240 mm x 180 mm, Soft Cover",OfficeProducts,OfficePaperProducts,Paper,Stationery,"Notebooks,WritingPads&Diaries",67,75,0.11,4.1,1269
B0798PJPCL,Portronics My buddy plus Adjustable Laptop cooling Table (Bro,Computers&Accessories,Accessories&Peripherals,LaptopAccessories,Lapdesks,,"1,889","2,699",0.3,4.3,17394
B09GFWJDY1,ZEBRONICS Zeb-Evolve Wireless in Ear Neckband Earphone with S,Electronics,"Headphones,Earbuds&Accessories",Headphones,In-Ear,,499,"1,499",0.67,3.6,9169
B09MZ6WZ6V,INOVERA World Map Extended Anti Slip Rubber Gaming Stitched M,Computers&Accessories,Accessories&Peripherals,"Keyboards,Mice&InputDevices",Keyboard&MiceAccessories,MousePads,499,999,0.5,4.4,1030
B094QZLJQ6,Seagate One Touch 2TB External HDD with Password Protection �,Computers&Accessories,ExternalDevices&DataStorage,ExternalHardDisks,,,"5,799","7,999",0.28,4.5,50273
B07L3NDN24,"ZEBRONICS Zeb-Fame 5watts 2.0 Multi Media Speakers with AUX, ",Electronics,HomeAudio,Speakers,MultimediaSpeakerSystems,,499,799,0.38,3.9,6742
B08WD18LJZ,TVARA LCD Writing Tablet 8.5 Inch E-Note Pad LCD Writing Tabl,Computers&Accessories,Accessories&Peripherals,"Keyboards,Mice&InputDevices",GraphicTablets,,249,600,0.59,4,1208
B09CMM3VGK,Ambrane 60W / 3A Type C Fast Charging Unbreakable 1.5m L Shap,Computers&Accessories,Accessories&Peripherals,Cables&Accessories,Cables,USBCables,179,499,0.64,4,1933
B06XDKWLJH,"Western Digital WD 1.5TB Elements Portable Hard Disk Drive, U",Computers&Accessories,ExternalDevices&DataStorage,ExternalHardDisks,,,"4,449","5,734",0.22,4.4,25006
B01J1CFO5I,Redgear MP35 Speed-Type Gaming Mousepad (Black/Red),Computers&Accessories,Accessories&Peripherals,PCGamingPeripherals,Gamepads,,299,550,0.46,4.6,33434
B07J2NGB69,"Lenovo 400 Wireless Mouse, 1200DPI Optical Sensor, 2.4GHz Wir",Computers&Accessories,Accessories&Peripherals,"Keyboards,Mice&InputDevices",Mice,,629,"1,390",0.55,4.4,6301
B00MUTWLW4,"Logitech K480 Wireless Multi-Device Keyboard for Windows, mac",Computers&Accessories,Accessories&Peripherals,"Keyboards,Mice&InputDevices",Keyboards,,"2,595","3,295",0.21,4.4,22618
B08QSC1XY8,Zoul USB C 60W Fast Charging 3A 6ft/2M Long Type C Nylon Brai,Computers&Accessories,Accessories&Peripherals,Cables&Accessories,Cables,USBCables,389,"1,099",0.65,4.3,974
B017NC2IPM,RESONATE RouterUPS CRU12V2A | Zero Drop | UPS for WiFi Router,Computers&Accessories,NetworkingDevices,Routers,,,"1,799","2,911",0.38,4.3,20342
B00N1U7JXM,"3M Post-it Sticky Note Cube, 200 Sheets (4 Colors x 50 Sheets",OfficeProducts,OfficePaperProducts,Paper,Stationery,"Notebooks,WritingPads&Diaries",90,175,0.49,4.4,7429
B08HQL67D6,OFIXO Multi-Purpose Laptop Table/Study Table/Bed Table/Foldab,Computers&Accessories,Accessories&Peripherals,LaptopAccessories,Lapdesks,,599,599,0,4,26423
B09RKFBCV7,"Fire-Boltt Ninja Calling 1.69"" Bluetooth Calling Smart Watch,",Electronics,WearableTechnology,SmartWatches,,,"1,999","7,999",0.75,4.2,31305
B08KHM9VBJ,"Airtel AMF-311WW Data Card (Black), 4g Hotspot Support with 2",Computers&Accessories,NetworkingDevices,DataCards&Dongles,,,"2,099","3,250",0.35,3.8,11213
B01IOZUHRS,Gizga Essentials Laptop Power Cable Cord- 3 Pin Adapter Isi C,Computers&Accessories,Accessories&Peripherals,LaptopAccessories,LaptopChargers&PowerSupplies,,179,499,0.64,4.1,10174
B00CEQEGPI,Logitech MK270r USB Wireless Keyboard and Mouse Set for Windo,Computers&Accessories,Accessories&Peripherals,"Keyboards,Mice&InputDevices",Keyboard&MouseSets,,"1,345","2,295",0.41,4.2,17413
B08B6XWQ1C,DIGITEK® (DTR-200MT) (18 CM) Portable & Flexible Mini Tripod,Electronics,Cameras&Photography,Accessories,Tripods&Monopods,TripodLegs,349,995,0.65,4.2,6676
B01DGVKBC6,"FEDUS Cat6 Ethernet Cable, 10 Meter High Speed 550MHZ / 10 Gi",Computers&Accessories,Accessories&Peripherals,Cables&Accessories,Cables,EthernetCables,287,499,0.42,4.4,8076
B008FWZGSG,"Samsung Original Type C to C Cable - 3.28 Feet (1 Meter), Whi",Computers&Accessories,Accessories&Peripherals,Cables&Accessories,Cables,USBCables,599,599,0,4.3,355
B08JD36C6H,Kingston DataTraveler Exodia DTX/32 GB Pen Drive USB 3.2 Gen ,Computers&Accessories,ExternalDevices&DataStorage,PenDrives,,,349,450,0.22,4.1,18656
B00E3DVQFS,"Duracell Rechargeable AA 2500mAh Batteries, 4 Pcs",Electronics,GeneralPurposeBatteries&BatteryChargers,DisposableBatteries,,,879,"1,109",0.21,4.4,31599
B0B4HJNPV4,pTron Solero T351 3.5Amps Fast Charging Type-C to Type-C PD D,Computers&Accessories,Accessories&Peripherals,Cables&Accessories,Cables,USBCables,199,999,0.8,3.9,1075
B00BN5SNF0,"ENVIE® (AA10004PLNi-CD) AA Rechargeable Batteries, Low Self ",Electronics,GeneralPurposeBatteries&BatteryChargers,RechargeableBatteries,,,250,250,0,3.9,13971
B09SGGRKV8,ZEBRONICS Zeb-Buds 30 3.5Mm Stereo Wired in Ear Earphones wit,Electronics,"Headphones,Earbuds&Accessories",Headphones,In-Ear,,199,499,0.6,3.6,2492
B07XLCFSSN,"Amazonbasics Nylon Braided Usb-C To Lightning Cable, Fast Cha",Computers&Accessories,Accessories&Peripherals,Cables&Accessories,Cables,USBCables,899,"1,900",0.53,4.4,13552
B09RZS1NQT,"Sounce 65W OnePlus Dash Warp Charge Cable, 6.5A Type-C to USB",Computers&Accessories,Accessories&Peripherals,Cables&Accessories,Cables,USBCables,199,999,0.8,4,575
B084BR3QX8,LAPSTER Accessories Power Cable Cord 2 Pin Laptop Adapter and,Computers&Accessories,Accessories&Peripherals,LaptopAccessories,LaptopChargers&PowerSupplies,,149,999,0.85,3.5,2523
B09VC2D2WG,Portronics Ruffpad 12E Re-Writable LCD Writing Pad with 30.4c,Computers&Accessories,Accessories&Peripherals,"Keyboards,Mice&InputDevices",GraphicTablets,,469,"1,499",0.69,4.1,352
B09163Q5CD,Verilux® USB C Hub Multiport Adapter- 6 in 1 Portable Alumin,Computers&Accessories,Accessories&Peripherals,USBHubs,,,"1,187","1,929",0.38,4.1,1662
B08K9PX15C,Zebronics Zeb Wonderbar 10 USB Powered 2.0 Computer Speaker w,Computers&Accessories,Accessories&Peripherals,Audio&VideoAccessories,PCSpeakers,,849,"1,499",0.43,4,7352
B083RD1J99,"HP Wired Mouse 100 with 1600 DPI Optical Sensor, USB Plug-and",Computers&Accessories,Accessories&Peripherals,"Keyboards,Mice&InputDevices",Mice,,328,399,0.18,4.1,3441
B09Z7YGV3R,Anjaney Enterprise Smart Multipurpose Foldable Laptop Table w,Computers&Accessories,Accessories&Peripherals,LaptopAccessories,Lapdesks,,269,699,0.62,4,93
B00N3XLDW0,ENVIE ECR-20 Charger for AA & AAA Rechargeable Batteries,Electronics,Cameras&Photography,Accessories,Batteries&Chargers,BatteryChargers,299,400,0.25,3.8,40895
B07Z53L5QL,ProElite Faux Leather Smart Flip Case Cover for Apple iPad 10,Computers&Accessories,Accessories&Peripherals,TabletAccessories,"Bags,Cases&Sleeves",Cases,549,"1,499",0.63,4.3,11006
B00P93X0VO,"Classmate Pulse 6 Subject Notebook - Unruled, 300 Pages, Spir",OfficeProducts,OfficePaperProducts,Paper,Stationery,"Notebooks,WritingPads&Diaries",114,120,0.05,4.2,8938
B07SBGFDX9,"Pentonic Multicolor Ball Point Pen, Pack of 10",OfficeProducts,OfficePaperProducts,Paper,Stationery,"Pens,Pencils&WritingSupplies",120,120,0,4.1,4308
B09C6HWG18,Duracell Type C To Type C 5A (100W) Braided Sync & Fast Charg,Computers&Accessories,Accessories&Peripherals,Cables&Accessories,Cables,USBCables,970,"1,999",0.51,4.2,462
B00NH11KIK,AmazonBasics USB 2.0 Cable - A-Male to B-Male - for Personal ,Computers&Accessories,Accessories&Peripherals,Cables&Accessories,Cables,USBCables,209,695,0.7,4.5,107686
B07X2L5Z8C,Logitech Pebble M350 Wireless Mouse with Bluetooth or USB - S,Computers&Accessories,Accessories&Peripherals,"Keyboards,Mice&InputDevices",Mice,,"1,490","2,295",0.35,4.6,10652
B00VA7YYUO,Apsara Platinum Pencils Value Pack - Pack of 20,Home&Kitchen,CraftMaterials,DrawingMaterials,DrawingMedia,Pencils,99,99,0,4.3,5036
B07L9FW9GF,"Zebronics Zeb-Power Wired USB Mouse, 3-Button, 1200 DPI Optic",Computers&Accessories,Accessories&Peripherals,"Keyboards,Mice&InputDevices",Mice,,149,249,0.4,4,5057
B08D64C9FN,Ant Esports GM320 RGB Optical Wired Gaming Mouse | 8 Programm,Computers&Accessories,Accessories&Peripherals,PCGamingPeripherals,GamingMice,,575,"2,799",0.79,4.2,8537
B07XJYYH7L,Wecool Nylon Braided Multifunction Fast Charging Cable For An,Computers&Accessories,Accessories&Peripherals,Cables&Accessories,Cables,USBCables,333,999,0.67,3.3,9792
B00LOD70SC,Pilot V7 Liquid Ink Roller Ball Pen (2 Blue + 1 Black),OfficeProducts,OfficePaperProducts,Paper,Stationery,"Pens,Pencils&WritingSupplies",178,210,0.15,4.3,2450
B09X76VL5L,boAt Airdopes 191G True Wireless Earbuds with ENx™ Tech Equ,Electronics,"Headphones,Earbuds&Accessories",Headphones,In-Ear,,"1,599","3,490",0.54,3.7,676
B091JF2TFD,Boult Audio BassBuds Oak in-Ear Wired Earphones with 10mm Ext,Electronics,"Headphones,Earbuds&Accessories",Headphones,In-Ear,,499,"1,299",0.62,3.9,1173
B07S7DCJKS,IT2M Designer Mouse Pad for Laptop/Computer (9.2 X 7.6 Inches,Computers&Accessories,Accessories&Peripherals,"Keyboards,Mice&InputDevices",Keyboard&MiceAccessories,MousePads,199,499,0.6,4.3,9998
B09NC2TY11,Noise ColorFit Ultra Buzz Bluetooth Calling Smart Watch with ,Electronics,WearableTechnology,SmartWatches,,,"2,499","5,999",0.58,4.1,5852
B0BDS8MY8J,"Lapster Caddy for ssd and HDD, Optical Bay 2nd Hard Drive Cad",Computers&Accessories,Components,InternalHardDrives,,,199,999,0.8,4.2,362
B09X7DY7Q4,SanDisk Extreme SD UHS I 64GB Card for 4K Video for DSLR and ,Electronics,Accessories,MemoryCards,MicroSD,,939,"1,800",0.48,4.5,205052
B09YV575RK,"Fire-Boltt Ring Pro Bluetooth Calling, 1.75” 320*385px High",Electronics,WearableTechnology,SmartWatches,,,"2,499","9,999",0.75,4,9090
B08LW31NQ6,"Lenovo 600 Bluetooth 5.0 Silent Mouse: Compact, Portable, Don",Computers&Accessories,Accessories&Peripherals,"Keyboards,Mice&InputDevices",Mice,,"1,439","2,890",0.5,4.5,4099
B09ND94ZRG,Boult Audio Airbass Propods X TWS Bluetooth Truly Wireless in,Electronics,"Headphones,Earbuds&Accessories",Headphones,In-Ear,,"1,099","5,999",0.82,3.5,12966
B00P93X6EK,"Classmate Soft Cover 6 Subject Spiral Binding Notebook, Unrul",OfficeProducts,OfficePaperProducts,Paper,Stationery,"Notebooks,WritingPads&Diaries",157,160,0.02,4.5,4428
B07KRCW6LZ,TP-Link Nano AC600 USB Wi-Fi Adapter(Archer T2U Nano)- 2.4G/5,Computers&Accessories,NetworkingDevices,NetworkAdapters,WirelessUSBAdapters,,999,"1,599",0.38,4.3,12093
B0994GP1CX,"LS LAPSTER Quality Assured Universal Silicone 15.6"" Keyboard ",Computers&Accessories,Accessories&Peripherals,"Keyboards,Mice&InputDevices",Keyboard&MiceAccessories,DustCovers,115,999,0.88,3.3,5692
B07H8W9PB6,KLAM LCD Writing Tablet Screenwriting Toys Board Smart Digita,Computers&Accessories,Accessories&Peripherals,"Keyboards,Mice&InputDevices",GraphicTablets,,175,499,0.65,4.1,21
B09NNHFSSF,CP PLUS 2MP Full HD Smart Wi-fi CCTV Security Camera | 360° ,Electronics,Cameras&Photography,SecurityCameras,DomeCameras,,"1,999","4,700",0.57,3.8,1880
B08D9NDZ1Y,"HP Deskjet 2331 Colour Printer, Scanner and Copier for Home/S",Computers&Accessories,"Printers,Inks&Accessories",Printers,,,"3,999","4,332.96",0.08,3.5,21762
B0085IATT6,D-Link DIR-615 Wi-fi Ethernet-N300 Single_band 300Mbps Router,Computers&Accessories,NetworkingDevices,Routers,,,899,"1,800",0.5,4.1,22375
B08WJ86PV2,RPM Euro Games Gaming Mousepad Speed Type Extended Large (Siz,Computers&Accessories,Accessories&Peripherals,"Keyboards,Mice&InputDevices",Keyboard&MiceAccessories,MousePads,299,990,0.7,4.5,2453
B078HRR1XV,Wacom One by CTL-472/K0-CX Digital Drawing Graphics Pen Table,Computers&Accessories,Accessories&Peripherals,"Keyboards,Mice&InputDevices",GraphicTablets,,"3,303","4,699",0.3,4.4,13544
B09P22HXH6,Lenovo 300 FHD Webcam with Full Stereo Dual Built-in mics | F,Computers&Accessories,Accessories&Peripherals,Audio&VideoAccessories,Webcams&VoIPEquipment,Webcams,"1,890","5,490",0.66,4.1,10976
B00LM4X3XE,Parker Quink Ink Bottle (Black),OfficeProducts,OfficePaperProducts,Paper,Stationery,"Pens,Pencils&WritingSupplies",90,100,0.1,4.3,3061
B09YLFHFDW,Sony WI-C100 Wireless Headphones with Customizable Equalizer ,Electronics,"Headphones,Earbuds&Accessories",Headphones,In-Ear,,"1,599","2,790",0.43,3.6,2272
B07YWS9SP9,"Zebronics, ZEB-NC3300 USB Powered Laptop Cooling Pad with Dua",Computers&Accessories,Accessories&Peripherals,LaptopAccessories,CoolingPads,,599,999,0.4,4,7601
B002PD61Y4,D-Link DWA-131 300 Mbps Wireless Nano USB Adapter (Black),Computers&Accessories,NetworkingDevices,NetworkAdapters,WirelessUSBAdapters,,507,"1,208",0.58,4.1,8131
B08WLY8V9S,Tukzer Gel Mouse Pad Wrist Rest Memory-Foam Ergonomic Mousepa,Computers&Accessories,Accessories&Peripherals,"Keyboards,Mice&InputDevices",Keyboard&MiceAccessories,MousePads,425,899,0.53,4.5,4219
B0873L7J6X,"Infinity (JBL Glide 510, 72 Hrs Playtime with Quick Charge, W",Electronics,"Headphones,Earbuds&Accessories",Headphones,On-Ear,,"1,499","3,999",0.63,4.2,42775
B07YNHCW6N,Robustrion Smart Trifold Hard Back Flip Stand Case Cover for ,Computers&Accessories,Accessories&Peripherals,TabletAccessories,"Bags,Cases&Sleeves",Cases,549,"2,499",0.78,4.3,5556
B07232M876,Amazonbasics Micro Usb Fast Charging Cable For Android Smartp,Computers&Accessories,Accessories&Peripherals,Cables&Accessories,Cables,USBCables,199,395,0.5,4.2,92595
B01MQ2A86A,"Logitech M331 Silent Plus Wireless Mouse, 2.4GHz with USB Nan",Computers&Accessories,Accessories&Peripherals,"Keyboards,Mice&InputDevices",Mice,,"1,295","1,645",0.21,4.6,12375
B00KIE28X0,"Camel Artist Acrylic Color Box - 9ml Tubes, 12 Shades",Home&Kitchen,CraftMaterials,PaintingMaterials,Paints,,310,310,0,4.5,5882
B08BQ947H3,"LIRAMARK Webcam Cover Slide, Ultra Thin Laptop Camera Cover S",Computers&Accessories,Accessories&Peripherals,LaptopAccessories,CameraPrivacyCovers,,149,149,0,4.3,10833
B0BHYJ8CVF,Portronics Key2 Combo Multimedia USB Wireless Keyboard and Mo,Computers&Accessories,Accessories&Peripherals,"Keyboards,Mice&InputDevices",Keyboard&MouseSets,,"1,149","1,499",0.23,4.1,10443
B0BCVJ3PVP,"SupCares Laptop Stand 7 Height Adjustable, Aluminium, Ventila",Computers&Accessories,Accessories&Peripherals,LaptopAccessories,Lapdesks,,499,"1,299",0.62,4.5,434
B0B2931FCV,ZEBRONICS Zeb-Sound Bomb N1 True Wireless in Ear Earbuds with,Electronics,"Headphones,Earbuds&Accessories",Headphones,In-Ear,,999,"4,199",0.76,3.5,1913
B09TMZ1MF8,Western Digital WD Green SATA 240GB Internal SSD Solid State ,Computers&Accessories,Components,InternalSolidStateDrives,,,"1,709","4,000",0.57,4.4,3029
B07VV37FT4,Classmate Octane Neon- 25 Blue Gel Pens | Smooth Writing Pens,OfficeProducts,OfficePaperProducts,Paper,Stationery,"Pens,Pencils&WritingSupplies",250,250,0,4.2,2628
B07P681N66,TP-Link AC600 600 Mbps WiFi Wireless Network USB Adapter for ,Computers&Accessories,NetworkingDevices,NetworkAdapters,WirelessUSBAdapters,,"1,199","2,199",0.45,4.4,24780
B07JB2Y4SR,Classmate Octane Colour Burst-Multicolour Gel Pens (Pack of 1,Home&Kitchen,CraftMaterials,DrawingMaterials,DrawingMedia,Pens,90,100,0.1,4.4,10718
B08KRMK9LZ,"Tukzer Stylus Pen, iPad Pencil with Palm Rejection Tilt Senso",Electronics,Mobiles&Accessories,MobileAccessories,StylusPens,,"2,025","5,999",0.66,4.2,6233
B08LT9BMPP,Logitech G102 USB Light Sync Gaming Mouse with Customizable R,Computers&Accessories,Accessories&Peripherals,PCGamingPeripherals,GamingMice,,"1,495","1,995",0.25,4.5,10541
B082T6V3DT,"AmazonBasics New Release Nylon USB-A to Lightning Cable Cord,",Computers&Accessories,Accessories&Peripherals,Cables&Accessories,Cables,USBCables,799,"2,100",0.62,4.3,8188
B0814ZY6FP,Zebronics ZEB-VITA Wireless Bluetooth 10W Portable Bar Speake,Electronics,HomeAudio,Speakers,BluetoothSpeakers,,899,"1,199",0.25,3.8,10751
B09F3PDDRF,"Lapster USB 3.0 sata Cable for 2.5 inch SSD and HDD , USB 3.0",Computers&Accessories,Accessories&Peripherals,Cables&Accessories,Cables,SATACables,349,999,0.65,3.9,817
B07X963JNS,URBN 10000 mAh Lithium Power Bank UPR10K with 12 Watt Fast Ch,Electronics,Mobiles&Accessories,MobileAccessories,Chargers,PowerBanks,900,"2,499",0.64,4,36384
B09LD3116F,Qubo Smart Cam 360 from Hero Group | Made in India | 2MP 1080,Electronics,Cameras&Photography,SecurityCameras,DomeCameras,,"2,490","3,990",0.38,4.1,3606
B08Y5QJTVK,"Duracell CR2025 3V Lithium Coin Battery, 5 pcs, 2025 Coin But",Electronics,GeneralPurposeBatteries&BatteryChargers,,,,116,200,0.42,4.4,357
B00LY1FN1K,"Camel Fabrica Acrylic Ultra Color - 15ml each, 10 Shades",Home&Kitchen,CraftMaterials,PaintingMaterials,Paints,,200,230,0.13,4.4,10170
B07DJ5KYDZ,Lenovo GX20L29764 65W Laptop Adapter/Charger with Power Cord ,Computers&Accessories,Accessories&Peripherals,LaptopAccessories,LaptopChargers&PowerSupplies,,"1,249","2,796",0.55,4.4,4598
B009LJ2BXA,"Hp Wired On Ear Headphones With Mic With 3.5 Mm Drivers, In-B",Computers&Accessories,Accessories&Peripherals,Audio&VideoAccessories,PCHeadsets,,649,999,0.35,3.5,7222
B09BVCVTBC,"Redragon K617 Fizz 60% Wired RGB Gaming Keyboard, 61 Keys Com",Computers&Accessories,Accessories&Peripherals,PCGamingPeripherals,GamingKeyboards,,"2,649","3,499",0.24,4.5,1271
B0BFWGBX61,Ambrane Unbreakable 3A Fast Charging Braided Type C Cable    ,Computers&Accessories,Accessories&Peripherals,Cables&Accessories,Cables,USBCables,199,349,0.43,4.1,314
B07SY4C3TD,HP GT 53 XL Cartridge Ink,Computers&Accessories,"Printers,Inks&Accessories","Inks,Toners&Cartridges",InkjetInkCartridges,,596,723,0.18,4.4,3219
B094JB13XL,"Noise ColorFit Ultra Smart Watch with 1.75"" HD Display, Alumi",Electronics,WearableTechnology,SmartWatches,,,"2,499","5,999",0.58,4.1,38879
B08CRRQK6Z,"Zebronics Zeb-JUKEBAR 3900, 80W Multimedia soundbar with subw",Electronics,HomeAudio,Speakers,SoundbarSpeakers,,"4,999","12,499",0.6,4.2,4541
B08MTLLSL8,boAt Bassheads 102 Wired in Ear Earphones with Mic (Mint Gree,Electronics,"Headphones,Earbuds&Accessories",Headphones,In-Ear,,399,"1,290",0.69,4.2,76042
B08Y57TPDM,"Duracell CR2016 3V Lithium Coin Battery, 5 pcs, 2016 Coin But",Electronics,GeneralPurposeBatteries&BatteryChargers,,,,116,200,0.42,4.3,485
B09CYTJV3N,MI 360° Home Security Wireless Camera 2K Pro with Bluetooth ,Electronics,Cameras&Photography,SecurityCameras,DomeCameras,,"4,499","5,999",0.25,4.3,44696
B07GLNJC25,"ZEBRONICS Zeb-100HB 4 Ports USB Hub for Laptop, PC Computers,",Computers&Accessories,Accessories&Peripherals,USBHubs,,,330,499,0.34,3.7,8566
B08FY4FG5X,Boult Audio Bass Buds Q2 Lightweight Stereo Wired Over Ear He,Electronics,"Headphones,Earbuds&Accessories",Headphones,Over-Ear,,649,"2,499",0.74,3.9,13049
B07TMCXRFV,ESR Screen Protector Compatible with iPad Pro 11 Inch (2022/2,Computers&Accessories,Accessories&Peripherals,TabletAccessories,ScreenProtectors,,"1,234","1,599",0.23,4.5,16680
B01FSYQ2A4,boAt Rockerz 400 Bluetooth On Ear Headphones With Mic With Up,Electronics,"Headphones,Earbuds&Accessories",Headphones,On-Ear,,"1,399","2,990",0.53,4.1,97174
B00LZPQVMK,Parker Vector Standard Chrome Trim Ball Pen (Ink - Black),OfficeProducts,OfficePaperProducts,Paper,Stationery,"Pens,Pencils&WritingSupplies",272,320,0.15,4,3686
B08X77LM8C,"Silicone Rubber Earbuds Tips, Eartips, Earpads, Earplugs, for",Electronics,"Headphones,Earbuds&Accessories",Earpads,,,99,999,0.9,3.8,594
B01EJ5MM5M,Canon PIXMA MG2577s All-in-One Inkjet Colour Printer with 1 A,Computers&Accessories,"Printers,Inks&Accessories",Printers,InkjetPrinters,,"3,498","3,875",0.1,3.4,12185
B08J82K4GX,"Samsung 24-inch(60.46cm) FHD Monitor, IPS, 75 Hz, Bezel Less ",Computers&Accessories,Monitors,,,,"10,099","19,110",0.47,4.3,2623
B07Z1Z77ZZ,"AirCase Protective Laptop Bag Sleeve fits Upto 14.1"" Laptop/ ",Computers&Accessories,Accessories&Peripherals,LaptopAccessories,Bags&Sleeves,LaptopSleeves&Slipcases,449,999,0.55,4.3,9701
B00DJ5N9VK,Faber-Castell Connector Pen Set - Pack of 25 (Assorted),Toys&Games,Arts&Crafts,Drawing&PaintingSupplies,ColouringPens&Markers,,150,150,0,4.3,15867
B0B4DT8MKT,"Wecool Unbreakable 3 in 1 Charging Cable with 3A Speed, Fast ",Computers&Accessories,Accessories&Peripherals,Cables&Accessories,Cables,USBCables,348,"1,499",0.77,4.2,656
B08FGNPQ9X,"Zinq UPS for Router, Mini UPS for 12V WiFi Router Broadband M",Computers&Accessories,NetworkingDevices,Routers,,,"1,199","2,999",0.6,4.1,10725
B07NTKGW45,SaleOn™ Portable Storage Organizer Bag for Earphone USB Cab,Computers&Accessories,Accessories&Peripherals,HardDiskBags,,,397,899,0.56,4,3025
B08CDKQ8T6,"Portronics Konnect L 1.2Mtr, Fast Charging 3A Micro USB Cable",Computers&Accessories,Accessories&Peripherals,Cables&Accessories,Cables,USBCables,154,349,0.56,4.3,7064
B08J4PL1Z3,"RPM Euro Games Laptop/PC Controller Wired for Windows - 7, 8,",Computers&Accessories,Accessories&Peripherals,PCGamingPeripherals,Gamepads,,699,"1,490",0.53,4,5736
B07XJWTYM2,"realme Buds Wireless in Ear Bluetooth Earphones with mic, 11.",Electronics,"Headphones,Earbuds&Accessories",Headphones,In-Ear,,"1,679","1,999",0.16,4.1,72563
B09939XJX8,"TVARA LCD Writing Tablet, 8.5"" Inch Colorful Toddler Doodle B",Computers&Accessories,Accessories&Peripherals,"Keyboards,Mice&InputDevices",GraphicTablets,,354,"1,500",0.76,4,1026
B09MDCZJXS,Wings Phantom Pro Earphones Gaming Earbuds with LED Battery I,Computers&Accessories,Accessories&Peripherals,PCGamingPeripherals,Headsets,,"1,199","5,499",0.78,3.8,2043
B08CTQP51L,Robustrion [Anti-Scratch] & [Smudge Proof] [S Pen Compatible],Computers&Accessories,Accessories&Peripherals,TabletAccessories,ScreenProtectors,,379,"1,499",0.75,4.2,4149
B0BG62HMDJ,Cablet 2.5 Inch SATA USB 3.0 HDD/SSD Portable External Enclos,Computers&Accessories,ExternalDevices&DataStorage,ExternalHardDisks,,,499,775,0.36,4.3,74
B08GTYFC37,"SanDisk 1TB Extreme Portable SSD 1050MB/s R, 1000MB/s W,Upto ",Computers&Accessories,ExternalDevices&DataStorage,ExternalSolidStateDrives,,,"10,389","32,000",0.68,4.4,41398
B08SBH499M,ZEBRONICS Zeb-Warrior II 10 watts 2.0 Multimedia Speaker with,Computers&Accessories,Accessories&Peripherals,Audio&VideoAccessories,PCSpeakers,,649,"1,300",0.5,4.1,5195
B08FYB5HHK,TP-Link UE300C USB Type-C to RJ45 Gigabit Ethernet Network Ad,Computers&Accessories,NetworkingDevices,NetworkAdapters,PowerLANAdapters,,"1,199","1,999",0.4,4.5,22420
B0994GFWBH,Lapster 1.5 mtr USB 2.0 Type A Male to USB A Male Cable for c,Computers&Accessories,Accessories&Peripherals,Cables&Accessories,Cables,USBCables,139,999,0.86,4,1313
B0B5GJRTHB,"Wecool Moonwalk M1 ENC True Wireless in Ear Earbuds with Mic,",Electronics,"Headphones,Earbuds&Accessories",Headphones,In-Ear,,889,"1,999",0.56,4.2,2284
B09GBBJV72,HP 330 Wireless Black Keyboard and Mouse Set with Numeric Key,Computers&Accessories,Accessories&Peripherals,"Keyboards,Mice&InputDevices",Keyboard&MouseSets,,"1,409","2,199",0.36,3.9,427
B07P434WJY,"RC PRINT GI 790 Ink Refill for Canon G1000, G1010, G1100, G20",Computers&Accessories,"Printers,Inks&Accessories","Inks,Toners&Cartridges",InkjetInkRefills&Kits,,549,"1,999",0.73,4.3,1367
B07T9FV9YP,Redgear Cloak Wired RGB Wired Over Ear Gaming Headphones with,Computers&Accessories,Accessories&Peripherals,PCGamingPeripherals,Headsets,,749,"1,799",0.58,4,13199
B01GGKZ0V6,AmazonBasics USB Type-C to USB Type-C 2.0 Cable - 3 Feet Lapt,Computers&Accessories,Accessories&Peripherals,Cables&Accessories,Cables,USBCables,329,845,0.61,4.2,29746
B08WKFSN84,Wayona Type C To Type C 65W/3.25A Nylon Braided Fast Charging,Computers&Accessories,Accessories&Peripherals,Cables&Accessories,Cables,USBCables,379,"1,099",0.66,4.3,2806
B09TBCVJS3,Amazfit GTS2 Mini (New Version) Smart Watch with Always-on AM,Electronics,WearableTechnology,SmartWatches,,,"5,998","7,999",0.25,4.2,30355
B08TR61BVK,"Tabelito® Polyester Foam, Nylon Hybrid laptopss Bag Sleeve C",Computers&Accessories,Accessories&Peripherals,LaptopAccessories,Bags&Sleeves,LaptopSleeves&Slipcases,299,"1,499",0.8,4.2,2868
B0B2CPVXHX,Robustrion Anti-Scratch & Smudge Proof Tempered Glass Screen ,Computers&Accessories,Accessories&Peripherals,TabletAccessories,ScreenProtectors,,379,"1,499",0.75,4.1,670
B08XNL93PL,Portronics Ruffpad 15 Re-Writable LCD Screen 38.1cm (15-inch),OfficeProducts,OfficePaperProducts,Paper,Stationery,"Notebooks,WritingPads&Diaries","1,399","2,999",0.53,4.3,3530
B088GXTJM3,DIGITEK® (DLS-9FT) Lightweight & Portable Aluminum Alloy Lig,Electronics,Cameras&Photography,Accessories,PhotoStudio&Lighting,PhotoBackgroundAccessories,699,"1,299",0.46,4.3,6183
B099S26HWG,"Classmate Pulse 1 Subject Notebook - 240mm x 180mm , Soft Cov",OfficeProducts,OfficePaperProducts,Paper,Stationery,"Notebooks,WritingPads&Diaries",300,300,0,4.2,419
B08461VC1Z,"Scarters Mouse Pad, Desk Mat Extended for Work from Home/Offi",Computers&Accessories,Accessories&Peripherals,"Keyboards,Mice&InputDevices",Keyboard&MiceAccessories,MousePads,999,"1,995",0.5,4.5,7317
B00K32PEW4,Casio MJ-120D 150 Steps Check and Correct Desktop Calculator ,OfficeProducts,OfficeElectronics,Calculators,Financial&Business,,535,535,0,4.4,4426
B09F9YQQ7B,Redmi 80 cm (32 inches) Android 11 Series HD Ready Smart LED ,Electronics,"HomeTheater,TV&Video",Televisions,SmartTelevisions,,"13,999","24,999",0.44,4.2,45237
B07LFWP97N,Gizga Essentials Laptop Bag Sleeve Case Cover Pouch with Hand,Computers&Accessories,Accessories&Peripherals,LaptopAccessories,Bags&Sleeves,LaptopSleeves&Slipcases,269,"1,099",0.76,4.1,1092
B0746N6WML,Parker Vector Camouflage Gift Set - Roller Ball Pen & Parker ,OfficeProducts,OfficePaperProducts,Paper,Stationery,"Pens,Pencils&WritingSupplies",341,450,0.24,4.3,2493
B07W9KYT62,"TP-Link AC1200 Archer A6 Smart WiFi, 5GHz Gigabit Dual Band M",Computers&Accessories,NetworkingDevices,Routers,,,"2,499","3,999",0.38,4.4,12679
B0B5ZF3NRK,"CEDO 65W OnePlus Dash Warp Charge Cable, USB A to Type C Data",Computers&Accessories,Accessories&Peripherals,Cables&Accessories,Cables,USBCables,349,599,0.42,4.1,210
B08D9MNH4B,"HP Deskjet 2723 AIO Printer, Copy, Scan, WiFi, Bluetooth, USB",Computers&Accessories,"Printers,Inks&Accessories",Printers,,,"5,899","7,005",0.16,3.6,4199
B078G6ZF5Z,Oraimo 18W USB & Type-C Dual Output Super Fast Charger Wall A,Electronics,Mobiles&Accessories,MobileAccessories,Chargers,WallChargers,699,"1,199",0.42,4,14403
B09MKG4ZCM,Xiaomi Mi 4A Dual_Band Ethernet 1200Mbps Speed Router| 2.4GHz,Computers&Accessories,NetworkingDevices,Routers,,,"1,565","2,999",0.48,4,11113
B07RZZ1QSW,SLOVIC® Tripod Mount Adapter| Tripod Mobile Holder|Tripod Ph,Electronics,Cameras&Photography,Accessories,Tripods&Monopods,Tabletop&TravelTripods,326,799,0.59,4.4,10773
B08BCKN299,Sounce Gold Plated 3.5 mm Headphone Splitter for Computer 2 M,Electronics,"Headphones,Earbuds&Accessories",Adapters,,,120,999,0.88,3.9,6491
B07222HQKP,"Orico 2.5""(6.3cm) USB 3.0 HDD Enclosure Case Cover for SATA S",Computers&Accessories,ExternalDevices&DataStorage,ExternalHardDisks,,,657,999,0.34,4.3,13944
B00NFD0ETQ,"Logitech G402 Hyperion Fury USB Wired Gaming Mouse, 4,000 DPI",Computers&Accessories,Accessories&Peripherals,PCGamingPeripherals,GamingMice,,"1,995","2,895",0.31,4.6,10760
B075DB1F13,"Panasonic Eneloop BQ-CC55N Advanced, Smart and Quick Charger ",Electronics,GeneralPurposeBatteries&BatteryChargers,,,,"1,500","1,500",0,4.4,25996
B0148NPH9I,"Logitech K380 Wireless Multi-Device Keyboard for Windows, App",Computers&Accessories,Accessories&Peripherals,"Keyboards,Mice&InputDevices",Keyboards,,"2,640","3,195",0.17,4.5,16146
B01JOFKL0A,Canon PIXMA E477 All-in-One Wireless Ink Efficient Colour Pri,Computers&Accessories,"Printers,Inks&Accessories",Printers,,,"5,299","6,355",0.17,3.9,8280
B09Q8HMKZX,Portronics Konnect L 20W PD Quick Charge Type-C to 8-Pin USB ,Computers&Accessories,Accessories&Peripherals,Cables&Accessories,Cables,USBCables,263,699,0.62,4.1,450
B079S811J3,"Redgear Cosmo 7,1 Usb Gaming Wired Over Ear Headphones With M",Computers&Accessories,Accessories&Peripherals,PCGamingPeripherals,Headsets,,"1,990","2,999",0.34,4.3,14237
B0083T231O,Belkin Essential Series 4-Socket Surge Protector Universal So,Electronics,PowerAccessories,SurgeProtectors,,,"1,289","1,499",0.14,4.5,20668
B086PXQ2R4,"Classmate Long Book - Unruled, 160 Pages, 314 mm x 194 mm - P",OfficeProducts,OfficePaperProducts,Paper,Stationery,"Notebooks,WritingPads&Diaries",165,165,0,4.5,1674
B07L1N3TJX,Artis AR-45W-MG2 45 Watts MG2 Laptop Adapter/Charger Compatib,Computers&Accessories,Accessories&Peripherals,LaptopAccessories,LaptopChargers&PowerSupplies,,"1,699","3,499",0.51,3.6,7689
B07YFWVRCM,"Imou 360° 1080P Full HD Security Camera, Human Detection, Mo",Electronics,Cameras&Photography,SecurityCameras,DomeCameras,,"2,299","7,500",0.69,4.1,5554
B01GGKYKQM,Amazon Basics USB Type-C to USB-A 2.0 Male Fast Charging Cabl,Computers&Accessories,Accessories&Peripherals,Cables&Accessories,Cables,USBCables,219,700,0.69,4.3,20053
B08TDJ5BVF,E-COSMOS 5V 1.2W Portable Flexible USB LED Light (Colours May,Computers&Accessories,Accessories&Peripherals,USBGadgets,Lamps,,39,39,0,3.8,3344
B09XXZXQC1,Xiaomi Pad 5| Qualcomm Snapdragon 860| 120Hz Refresh Rate| 6G,Computers&Accessories,Tablets,,,,"26,999","37,999",0.29,4.6,2886
B083T5G5PM,Sennheiser CX 80S in-Ear Wired Headphones with in-line One-Bu,Electronics,"Headphones,Earbuds&Accessories",Headphones,In-Ear,,"1,490","1,990",0.25,4.1,98250
B0BHVPTM2C,HB Plus Folding Height Adjustable Aluminum Foldable Portable ,Computers&Accessories,Accessories&Peripherals,LaptopAccessories,Lapdesks,,398,"1,949",0.8,4,75
B0B86CDHL1,oraimo 65W Type C to C Fast Charging Cable USB C to USB C Cab,Computers&Accessories,Accessories&Peripherals,Cables&Accessories,Cables,USBCables,349,899,0.61,4.5,149
B01NBX5RSB,HP 65W AC Laptops Charger Adapter 4.5mm for HP Pavilion Black,Computers&Accessories,Accessories&Peripherals,LaptopAccessories,LaptopChargers&PowerSupplies,,770,"1,547",0.5,4.3,2585
B08MWJTST6,Tukzer Fully Foldable Tabletop Desktop Tablet Mobile Stand Ho,Electronics,Mobiles&Accessories,MobileAccessories,Stands,,279,"1,299",0.79,4,5072
B07R99NBVB,"Gizga Essentials Cable Organiser, Cord Management System for ",HomeImprovement,Electrical,CordManagement,,,249,599,0.58,4.5,5985
B08R69VDHT,"Pinnaclz Original Combo of 2 Micro USB Fast Charging Cable, U",Computers&Accessories,Accessories&Peripherals,Cables&Accessories,Cables,USBCables,115,499,0.77,4,7732
B00LY12TH6,Camel Oil Pastel with Reusable Plastic Box - 50 Shades,Home&Kitchen,CraftMaterials,PaintingMaterials,,,230,230,0,4.5,9427
B09RWZRCP1,"boAt Type C A750 Stress Resistant, Tangle-free, Sturdy Flat C",Computers&Accessories,Accessories&Peripherals,Cables&Accessories,Cables,USBCables,399,999,0.6,4.1,1780
B08497Z1MQ,"HP M270 Backlit USB Wired Gaming Mouse with 6 Buttons, 4-Spee",Computers&Accessories,Accessories&Peripherals,PCGamingPeripherals,GamingMice,,599,700,0.14,4.3,2301
B07KNM95JK,Foxin FTC 12A / Q2612A Black Laser Toner Cartridge Compatible,Computers&Accessories,"Printers,Inks&Accessories","Inks,Toners&Cartridges",TonerCartridges,,598,"1,150",0.48,4.1,2535
B09Q3M3WLJ,Robustrion [Anti-Scratch] & [Smudge Proof] [Bubble Free] Prem,Computers&Accessories,Accessories&Peripherals,TabletAccessories,ScreenProtectors,,399,"1,499",0.73,4,691
B09B9SPC7F,PC SQUARE Laptop Tabletop Stand/ Computer Tablet Stand 6 Angl,Computers&Accessories,Accessories&Peripherals,LaptopAccessories,Lapdesks,,499,"1,299",0.62,4.1,2740
B09CMP1SC8,Ambrane 2 in 1 Type-C & Micro USB Cable with 60W / 3A Fast Ch,Computers&Accessories,Accessories&Peripherals,Cables&Accessories,Cables,USBCables,199,499,0.6,4.1,602
B099SD8PRP,"Lenovo 130 Wireless Compact Mouse, 1K DPI Optical sensor, 2.4",Computers&Accessories,Accessories&Peripherals,"Keyboards,Mice&InputDevices",Mice,,579,"1,090",0.47,4.4,3482
B09YLXYP7Y,Ambrane 60W / 3A Fast Charging Output Cable with Type-C to US,Computers&Accessories,Accessories&Peripherals,Cables&Accessories,Cables,USBCables,179,399,0.55,4,1423
B00S2SEV7K,"Pilot Frixion Clicker Roller Pen (Blue), (9000019529)",OfficeProducts,OfficePaperProducts,Paper,Stationery,"Pens,Pencils&WritingSupplies",90,100,0.1,4.1,6199
B08WKCTFF3,"ZEBRONICS Aluminium Alloy Laptop Stand, Compatible with 9-15.",Computers&Accessories,Accessories&Peripherals,LaptopAccessories,Lapdesks,,899,"1,999",0.55,4.4,1667
B08498D67S,HP K500F Backlit Membrane Wired Gaming Keyboard with Mixed Co,Computers&Accessories,Accessories&Peripherals,PCGamingPeripherals,GamingKeyboards,,"1,149","1,800",0.36,4.3,4723
B00C3GBCIS,GIZGA Club-laptop Neoprene Reversible for 15.6-inches Laptop ,Computers&Accessories,Accessories&Peripherals,LaptopAccessories,Bags&Sleeves,LaptopSleeves&Slipcases,249,499,0.5,4.2,22860
B00URH5E34,Inventis 5V 1.2W Portable Flexible USB LED Light Lamp (Colors,Computers&Accessories,Accessories&Peripherals,USBGadgets,Lamps,,39,39,0,3.6,13572
B00EYW1U68,TP-Link TL-WA855RE 300 Mbps Wi-Fi Range Extender (White),Computers&Accessories,NetworkingDevices,Repeaters&Extenders,,,"1,599","3,599",0.56,4.2,16182
B08SMJT55F,boAt Stone 250 Portable Wireless Speaker with 5W RMS Immersiv,Electronics,HomeAudio,Speakers,BluetoothSpeakers,,"1,199","3,990",0.7,4.2,2908
B0B2DJDCPX,SWAPKART Fast Charging Cable and Data Sync USB Cable Compatib,Computers&Accessories,Accessories&Peripherals,Cables&Accessories,Cables,USBCables,209,499,0.58,3.9,536
B08Y7MXFMK,"Offbeat® - DASH 2.4GHz Wireless + Bluetooth 5.1 Mouse, Multi",Computers&Accessories,Accessories&Peripherals,"Keyboards,Mice&InputDevices",Mice,,"1,099","1,499",0.27,4.2,2375
B086Q3QMFS,"Classmate Drawing Book - Unruled, 40 Pages, 210 mm x 297 mm -",OfficeProducts,OfficePaperProducts,Paper,Stationery,"Notebooks,WritingPads&Diaries",120,120,0,4.5,4951
B08498H13H,HP GK320 Wired Full Size RGB Backlight Mechanical Gaming Keyb,Computers&Accessories,Accessories&Peripherals,PCGamingPeripherals,GamingKeyboards,,"1,519","3,499",0.57,4.3,408
B07LFQLKFZ,Parker Moments Vector Timecheck Gold Trim Roller Ball Pen (Bl,OfficeProducts,OfficePaperProducts,Paper,Stationery,"Pens,Pencils&WritingSupplies",420,420,0,4.2,1926
B00LY17RHI,Camlin Elegante Fountain Pen - Black/Blue/Red,OfficeProducts,OfficePaperProducts,Paper,Stationery,"Pens,Pencils&WritingSupplies",225,225,0,4.1,4798
B07W14CHV8,"CARECASE® Optical Bay 2nd Hard Drive Caddy, 9.5 mm CD/DVD Dr",Computers&Accessories,Accessories&Peripherals,HardDriveAccessories,Caddies,,199,799,0.75,4.1,7333
B0B9BXKBC7,"WeCool S5 Long Selfie Stick, with Large Reinforced Tripod Sta",Electronics,Mobiles&Accessories,MobileAccessories,Photo&VideoAccessories,SelfieSticks,"1,799","3,999",0.55,4.6,245
B09F5Z694W,Canon E4570 All-in-One Wi-Fi Ink Efficient Colour Printer wit,Computers&Accessories,"Printers,Inks&Accessories",Printers,InkjetPrinters,,"8,349","9,625",0.13,3.8,3652
B0B25LQQPC,"Crucial P3 500GB PCIe 3.0 3D NAND NVMe M.2 SSD, up to 3500MB/",Computers&Accessories,Components,InternalSolidStateDrives,,,"3,307","6,100",0.46,4.3,2515
B07GVGTSLN,Wayona Usb Type C Fast Charger Cable Fast Charging Usb C Cabl,Computers&Accessories,Accessories&Peripherals,Cables&Accessories,Cables,USBCables,325,"1,299",0.75,4.2,10576
B01LYLJ99X,HP v222w 64GB USB 2.0 Pen Drive (Silver),Computers&Accessories,ExternalDevices&DataStorage,PenDrives,,,449,"1,300",0.65,4.2,4959
B014SZPBM4,"Duracell Ultra Alkaline D Battery, 2 Pcs",Electronics,GeneralPurposeBatteries&BatteryChargers,DisposableBatteries,,,380,400,0.05,4.4,2111
B08CZHGHKH,BESTOR® LCD Writing Tablet/pad 12 inches | Electronic Writin,Computers&Accessories,Accessories&Peripherals,"Keyboards,Mice&InputDevices",GraphicTablets,,499,"1,399",0.64,3.9,1462
B0B2RBP83P,"Lenovo IdeaPad 3 11th Gen Intel Core i3 15.6"" FHD Thin & Ligh",Computers&Accessories,Laptops,TraditionalLaptops,,,"37,247","59,890",0.38,4,323
B078W65FJ7,boAt BassHeads 900 On-Ear Wired Headphones with Mic (White),Electronics,"Headphones,Earbuds&Accessories",Headphones,On-Ear,,849,"2,490",0.66,4.2,91188
B08S74GTBT,"Zebronics Astra 10 Portable Wireless BT v5.0 Speaker, 10W RMS",Electronics,HomeAudio,Speakers,OutdoorSpeakers,,799,"1,999",0.6,3.7,418
B0B9BD2YL4,KINGONE Wireless Charging Pencil (2nd Generation) for iPad wi,Electronics,Mobiles&Accessories,MobileAccessories,StylusPens,,"2,599","6,999",0.63,4.5,1526
B0BMXMLSMM,"Lapster 65W compatible for OnePlus Dash Warp Charge Cable , t",Computers&Accessories,Accessories&Peripherals,Cables&Accessories,Cables,USBCables,199,999,0.8,4.5,127
B0141EZMAI,"Gizga Essentials USB WiFi Adapter for PC, 150 Mbps Wireless N",Computers&Accessories,NetworkingDevices,NetworkAdapters,WirelessUSBAdapters,,269,800,0.66,3.6,10134
B07QMRHWJD,SWAPKART Portable Flexible Adjustable Eye Protection USB LED ,Computers&Accessories,Accessories&Peripherals,USBGadgets,Lamps,,298,999,0.7,4.3,1552
B07W7Z6DVL,"Infinity (JBL Fuze 100, Wireless Portable Bluetooth Speaker w",Electronics,HomeAudio,Speakers,OutdoorSpeakers,,"1,499","2,999",0.5,4.1,25262
B07WMS7TWB,Pigeon by Stovekraft Amaze Plus Electric Kettle (14289) with ,Home&Kitchen,Kitchen&HomeAppliances,SmallKitchenAppliances,Kettles&HotWaterDispensers,ElectricKettles,649,"1,245",0.48,3.9,123365
B00H47GVGY,"USHA Quartz Room Heater with Overheating Protection (3002, Iv",Home&Kitchen,"Heating,Cooling&AirQuality",RoomHeaters,ElectricHeaters,,"1,199","1,695",0.29,3.6,13300
B07VX71FZP,Amazon Brand - Solimo 2000/1000 Watts Room Heater with Adjust,Home&Kitchen,"Heating,Cooling&AirQuality",RoomHeaters,FanHeaters,,"1,199","2,000",0.4,4,18543
B07NCKMXVZ,"StyleHouse Lint Remover for Woolen Clothes, Electric Lint Rem",Home&Kitchen,Kitchen&HomeAppliances,"Vacuum,Cleaning&Ironing","Irons,Steamers&Accessories",LintShavers,455,999,0.54,4.1,3578
B0B61DSF17,beatXP Kitchen Scale Multipurpose Portable Electronic Digital,Home&Kitchen,Kitchen&HomeAppliances,SmallKitchenAppliances,DigitalKitchenScales,,199,"1,999",0.9,3.7,2031
B07VQGVL68,Glun Multipurpose Portable Electronic Digital Weighing Scale ,Home&Kitchen,Kitchen&HomeAppliances,SmallKitchenAppliances,DigitalKitchenScales,,293,499,0.41,3.9,44994
B01LWYDEQ7,Pigeon Polypropylene Mini Handy and Compact Chopper with 3 Bl,Home&Kitchen,Kitchen&Dining,KitchenTools,ManualChoppers&Chippers,Choppers,199,495,0.6,4.1,270563
B07VNFP3C2,"Prestige 1.5 Litre Kettle 1500-watts, Red",Home&Kitchen,Kitchen&HomeAppliances,SmallKitchenAppliances,Kettles&HotWaterDispensers,ElectricKettles,749,"1,245",0.4,3.9,31783
B00LUGTJGO,Bajaj RHX-2 800-Watt Room Heater (White),Home&Kitchen,"Heating,Cooling&AirQuality",RoomHeaters,ElectricHeaters,,"1,399","1,549",0.1,3.9,2602
B01MQZ7J8K,"Prestige Electric Kettle PKOSS - 1500watts, Steel (1.5Ltr), B",Home&Kitchen,Kitchen&HomeAppliances,SmallKitchenAppliances,Kettles&HotWaterDispensers,ElectricKettles,749,"1,445",0.48,3.9,63350
B01GFTEV5Y,Pigeon by Stovekraft Cruise 1800 watt Induction Cooktop (Blac,Home&Kitchen,Kitchen&HomeAppliances,SmallKitchenAppliances,InductionCooktop,,"1,699","3,193",0.47,3.8,54032
B00NW4UWN6,Prestige PKGSS 1.7L 1500W Electric Kettle (Stainless Steel),Home&Kitchen,Kitchen&HomeAppliances,SmallKitchenAppliances,Kettles&HotWaterDispensers,ElectricKettles,"1,043","1,345",0.22,3.8,15592
B01NCVJMKX,"SHOPTOSHOP Electric Lint Remover, Best Lint Shaver for Clothe",Home&Kitchen,Kitchen&HomeAppliances,"Vacuum,Cleaning&Ironing","Irons,Steamers&Accessories",LintShavers,499,999,0.5,4.1,4859
B00O24PUO6,Orpat OEH-1260 2000-Watt Fan Heater (Grey),Home&Kitchen,"Heating,Cooling&AirQuality",RoomHeaters,FanHeaters,,"1,464","1,650",0.11,4.1,14120
B07GXPDLYQ,PRO365 Indo Mocktails/Coffee Foamer/Cappuccino/Lemonade/Milk ,Home&Kitchen,Kitchen&HomeAppliances,SmallKitchenAppliances,HandBlenders,,249,499,0.5,3.3,8427
B01C8P29N0,Bajaj DX-6 1000W Dry Iron with Advance Soleplate and Anti-bac,Home&Kitchen,Kitchen&HomeAppliances,"Vacuum,Cleaning&Ironing","Irons,Steamers&Accessories",Irons,625,"1,400",0.55,4.2,23316
B08KDBLMQP,Croma 500W Mixer Grinder with 3 Stainless Steel Leak-proof Ja,Home&Kitchen,Kitchen&HomeAppliances,SmallKitchenAppliances,MixerGrinders,,"1,290","2,500",0.48,4,6530
B078JDNZJ8,Havells Instanio 3-Litre Instant Geyser (White/Blue),Home&Kitchen,"Heating,Cooling&AirQuality",WaterHeaters&Geysers,InstantWaterHeaters,,"3,600","6,190",0.42,4.3,11924
B01M5F614J,"Morphy Richards OFR Room Heater, 09 Fin 2000 Watts Oil Filled",Home&Kitchen,"Heating,Cooling&AirQuality",RoomHeaters,,,"6,549","13,999",0.53,4,2961
B083GKDRKR,Havells Aqua Plus 1.2 litre Double Wall Kettle / 304 Stainles,Home&Kitchen,Kitchen&HomeAppliances,SmallKitchenAppliances,Kettles&HotWaterDispensers,ElectricKettles,"1,625","2,995",0.46,4.5,23484
B097R2V1W8,Bajaj Splendora 3 Litre 3KW IWH Instant Water Heater (Geyser),Home&Kitchen,"Heating,Cooling&AirQuality",WaterHeaters&Geysers,InstantWaterHeaters,,"2,599","5,890",0.56,4.1,21783
B07YR26BJ3,KENT 16052 Elegant Electric Glass Kettle 1.8L 2000 W | Blue L,Home&Kitchen,Kitchen&HomeAppliances,SmallKitchenAppliances,Kettles&HotWaterDispensers,Kettle&ToasterSets,"1,199","2,000",0.4,4,14030
B097R45BH8,Bajaj New Shakti Neo 15L Vertical Storage Water Heater (Geyse,Home&Kitchen,"Heating,Cooling&AirQuality",WaterHeaters&Geysers,StorageWaterHeaters,,"5,499","13,150",0.58,4.2,6398
B09X5C9VLK,Lifelong LLMG23 Power Pro 500-Watt Mixer Grinder with 3 Jars ,Home&Kitchen,Kitchen&HomeAppliances,SmallKitchenAppliances,MixerGrinders,,"1,299","3,500",0.63,3.8,44050
B01C8P29T4,Bajaj Majesty DX-11 1000W Dry Iron with Advance Soleplate and,Home&Kitchen,Kitchen&HomeAppliances,"Vacuum,Cleaning&Ironing","Irons,Steamers&Accessories",Irons,599,785,0.24,4.2,24247
B00HVXS7WC,"Bajaj Rex 500W Mixer Grinder with Nutri-Pro Feature, 3 Jars, ",Home&Kitchen,Kitchen&HomeAppliances,SmallKitchenAppliances,MixerGrinders,,"1,999","3,210",0.38,4.2,41349
B096YCN3SD,Lifelong LLEK15 Electric Kettle 1.5L with Stainless Steel Bod,Home&Kitchen,Kitchen&HomeAppliances,SmallKitchenAppliances,Kettles&HotWaterDispensers,Kettle&ToasterSets,549,"1,000",0.45,3.6,1074
B09LQH3SD9,Lifelong LLQH922 Regalia 800 W (ISI Certified) Quartz Room He,Home&Kitchen,"Heating,Cooling&AirQuality",RoomHeaters,ElectricHeaters,,999,"2,000",0.5,3.8,1163
B09KNMLH4Y,"R B Nova Lint/Fabric Shaver for Cloths, Lint Remover for Wool",Home&Kitchen,Kitchen&HomeAppliances,"Vacuum,Cleaning&Ironing","Irons,Steamers&Accessories",LintShavers,398,"1,999",0.8,4.1,257
B00ABMASXG,"Bajaj Immersion Rod Water Heater 1500 Watts, Silver",Home&Kitchen,"Heating,Cooling&AirQuality",WaterHeaters&Geysers,ImmersionRods,,539,720,0.25,4.1,36017
B07QDSN9V6,INALSA Electric Kettle 1.5 Litre with Stainless Steel Body - ,Home&Kitchen,Kitchen&HomeAppliances,SmallKitchenAppliances,Kettles&HotWaterDispensers,ElectricKettles,699,"1,595",0.56,4.1,8090
B00YMJ0OI8,Prestige PIC 20 1600 Watt Induction Cooktop with Push button ,Home&Kitchen,Kitchen&HomeAppliances,SmallKitchenAppliances,InductionCooktop,,"2,148","3,645",0.41,4.1,31388
B0B8XNPQPN,"Pigeon Healthifry Digital Air Fryer, 360° High Speed Air Cir",Home&Kitchen,Kitchen&HomeAppliances,SmallKitchenAppliances,DeepFatFryers,AirFryers,"3,599","7,950",0.55,4.2,136
B0814P4L98,"PrettyKrafts Laundry Basket for clothes with Lid & Handles, T",Home&Kitchen,HomeStorage&Organization,LaundryOrganization,LaundryBaskets,,351,999,0.65,4,5380
B008QTK47Q,Philips GC1905 1440-Watt Steam Iron with Spray (Blue),Home&Kitchen,Kitchen&HomeAppliances,"Vacuum,Cleaning&Ironing","Irons,Steamers&Accessories",Irons,"1,614","1,745",0.08,4.3,37974
B088ZTJT2R,Havells Immersion HB15 1500 Watt (White Blue),Home&Kitchen,"Heating,Cooling&AirQuality",WaterHeaters&Geysers,ImmersionRods,,719,"1,295",0.44,4.2,17218
B0BK1K598K,"AGARO LR2007 Lint Remover, Rechargeable, for Woolen Sweaters,",Home&Kitchen,Kitchen&HomeAppliances,"Vacuum,Cleaning&Ironing","Irons,Steamers&Accessories",LintShavers,678,"1,499",0.55,4.2,900
B09Y5FZK9N,Pigeon 1.5 litre Hot Kettle and Stainless Steel Water Bottle ,Home&Kitchen,Kitchen&HomeAppliances,SmallKitchenAppliances,Kettles&HotWaterDispensers,Kettle&ToasterSets,809,"1,545",0.48,3.7,976
B09J2SCVQT,NutriPro Juicer Mixer Grinder - Smoothie Maker - 500 Watts (3,Home&Kitchen,Kitchen&HomeAppliances,SmallKitchenAppliances,JuicerMixerGrinders,,"1,969","5,000",0.61,4.1,4927
B00TDD0YM4,"Philips GC026/30 Fabric Shaver, Lint Remover for Woolen Sweat",Home&Kitchen,Kitchen&HomeAppliances,"Vacuum,Cleaning&Ironing","Irons,Steamers&Accessories",LintShavers,"1,490","1,695",0.12,4.4,3543
B078KRFWQB,"Havells Cista Room Heater, White, 2000 Watts",Home&Kitchen,"Heating,Cooling&AirQuality",RoomHeaters,ElectricHeaters,,"2,499","3,945",0.37,3.8,2732
B07SRM58TP,"AGARO Regal 800 Watts Handheld Vacuum Cleaner, Lightweight & ",Home&Kitchen,Kitchen&HomeAppliances,"Vacuum,Cleaning&Ironing",Vacuums&FloorCare,Vacuums,"1,665","2,099",0.21,4,14368
B00EDJJ7FS,Philips Viva Collection HD4928/01 2100-Watt Induction Cooktop,Home&Kitchen,Kitchen&HomeAppliances,SmallKitchenAppliances,InductionCooktop,,"3,229","5,295",0.39,4.2,39724
B0832W3B7Q,Pigeon By Stovekraft ABS Plastic Acer Plus Induction Cooktop ,Home&Kitchen,Kitchen&HomeAppliances,SmallKitchenAppliances,InductionCooktop,,"1,799","3,595",0.5,3.8,9791
B07WNK1FFN,"AGARO Esteem Multi Kettle 1.2 Litre, 600W with 3 Heating Mode",Home&Kitchen,Kitchen&HomeAppliances,SmallKitchenAppliances,Kettles&HotWaterDispensers,ElectricKettles,"1,260","1,699",0.26,4.2,2891
B009P2LK08,"Bajaj Minor 1000 Watts Radiant Room Heater (Steel, ISI Approv",Home&Kitchen,"Heating,Cooling&AirQuality",RoomHeaters,ElectricHeaters,,749,"1,129",0.34,4,2446
B07DGD4Z4C,"Butterfly Jet Elite Mixer Grinder, 750W, 4 Jars (Grey)",Home&Kitchen,Kitchen&HomeAppliances,SmallKitchenAppliances,MixerGrinders,,"3,499","5,795",0.4,3.9,25340
B07GMFY9QM,SOFLIN Egg Boiler Electric Automatic Off 7 Egg Poacher for St,Home&Kitchen,Kitchen&HomeAppliances,SmallKitchenAppliances,EggBoilers,,379,999,0.62,4.3,3096
B0BGPN4GGH,Lifelong LLQH925 Dyno Quartz Heater 2 Power settings Tip Over,Home&Kitchen,"Heating,Cooling&AirQuality",RoomHeaters,ElectricHeaters,,"1,099","2,400",0.54,3.8,4
B0B2DZ5S6R,"Amazon Basics 1500 W Electric Kettle (Stainless Steel Body, 1",Home&Kitchen,Kitchen&HomeAppliances,SmallKitchenAppliances,Kettles&HotWaterDispensers,Kettle&ToasterSets,749,"1,299",0.42,4,119
B07S851WX5,"Prestige Sandwich Maker PGMFD 01, Black",Home&Kitchen,Kitchen&HomeAppliances,SmallKitchenAppliances,SandwichMakers,,"1,299","1,299",0,4.2,40106
B01MY839VW,"Orient Electric Fabrijoy DIFJ10BP 1000-Watt Dry Iron, Non-Sti",Home&Kitchen,Kitchen&HomeAppliances,"Vacuum,Cleaning&Ironing","Irons,Steamers&Accessories",Irons,549,"1,090",0.5,4.2,13029
B09LV1CMGH,"Lifelong LLFH921 Regalia 2000 W Fan Heater, 3 Air Settings, R",Home&Kitchen,"Heating,Cooling&AirQuality",RoomHeaters,FanHeaters,,899,"2,000",0.55,3.6,291
B01EY310UM,"Philips GC181 Heavy Weight 1000-Watt Dry Iron, Pack of 1",Home&Kitchen,Kitchen&HomeAppliances,"Vacuum,Cleaning&Ironing","Irons,Steamers&Accessories",Irons,"1,321","1,545",0.14,4.3,15453
B09NL7LBWT,Bulfyss USB Rechargeable Lint Remover Fabric Shaver Pet Hair ,Home&Kitchen,Kitchen&HomeAppliances,"Vacuum,Cleaning&Ironing","Irons,Steamers&Accessories",LintShavers,"1,099","1,999",0.45,4,604
B008YW8M0G,Bajaj DX-7 1000W Dry Iron with Advance Soleplate and Anti-bac,Home&Kitchen,Kitchen&HomeAppliances,"Vacuum,Cleaning&Ironing","Irons,Steamers&Accessories",Irons,775,875,0.11,4.2,46647
B097R3XH9R,Bajaj New Shakti Neo 25L Vertical Storage Water Heater (Geyse,Home&Kitchen,"Heating,Cooling&AirQuality",WaterHeaters&Geysers,StorageWaterHeaters,,"6,299","15,270",0.59,4.1,3233
B08TM71L54,PHILIPS Handheld Garment Steamer STH3000/20 - Compact & Folda,Home&Kitchen,Kitchen&HomeAppliances,"Vacuum,Cleaning&Ironing","Irons,Steamers&Accessories",Irons,"3,190","4,195",0.24,4,1282
B0BPBXNQQT,Room Heater Warmer Wall-Outlet 400 Watts Electric Handy Room ,Home&Kitchen,"Heating,Cooling&AirQuality",RoomHeaters,ElectricHeaters,,799,"1,989",0.6,4.3,70
B00W56GLOQ,"Wonderchef Nutri-blend Mixer, Grinder & Blender | Powerful 40",Home&Kitchen,Kitchen&HomeAppliances,SmallKitchenAppliances,JuicerMixerGrinders,,"2,699","5,000",0.46,4,26164
B0883KDSXC,USHA Armor AR1100WB 1100 W Dry Iron with Black Weilburger Sol,Home&Kitchen,Kitchen&HomeAppliances,"Vacuum,Cleaning&Ironing","Irons,Steamers&Accessories",Irons,599,990,0.39,3.9,16166
B078V8R9BS,Butterfly EKN 1.5-Litre Electric Kettle (Silver with Black),Home&Kitchen,Kitchen&HomeAppliances,SmallKitchenAppliances,Kettles&HotWaterDispensers,Kettle&ToasterSets,749,"1,111",0.33,4.2,35693
B08GSQXLJ2,Crompton Arno Neo 15-L 5 Star Rated Storage Water Heater (Gey,Home&Kitchen,"Heating,Cooling&AirQuality",WaterHeaters&Geysers,StorageWaterHeaters,,"6,199","10,400",0.4,4.1,14391
B01M5B0TPW,Borosil Chef Delite BCH20DBB21 300-Watt Chopper (Black),Home&Kitchen,Kitchen&HomeAppliances,SmallKitchenAppliances,MiniFoodProcessors&Choppers,,"1,819","2,490",0.27,4.4,7946
B082KVTRW8,KENT 16055 Amaze Cool Touch Electric Kettle 1.8 L 1500 W | Pl,Home&Kitchen,Kitchen&HomeAppliances,SmallKitchenAppliances,Kettles&HotWaterDispensers,Kettle&ToasterSets,"1,199","1,900",0.37,4,1765
B08CFJBZRK,Prestige IRIS Plus 750 watt mixer grinder,Home&Kitchen,Kitchen&HomeAppliances,SmallKitchenAppliances,MixerGrinders,,"3,249","6,295",0.48,3.8,14062
B07H3WDC4X,Simxen Egg Boiler Electric Automatic Off 7 Egg Poacher for St,Home&Kitchen,Kitchen&HomeAppliances,SmallKitchenAppliances,EggBoilers,,349,999,0.65,4,15646
B09ZTZ9N3Q,Amazon Basics 2000/1000 Watt Room Heater with Adjustable Ther,Home&Kitchen,"Heating,Cooling&AirQuality",RoomHeaters,FanHeaters,,"1,049","1,699",0.38,3.1,111
B083P71WKK,"HealthSense Weight Machine for Kitchen, Kitchen Food Weighing",Home&Kitchen,Kitchen&HomeAppliances,SmallKitchenAppliances,DigitalKitchenScales,DigitalScales,799,"1,500",0.47,4.3,9695
B097R4D42G,Bajaj New Shakti Neo 10L Vertical Storage Water Heater (Geyse,Home&Kitchen,"Heating,Cooling&AirQuality",WaterHeaters&Geysers,StorageWaterHeaters,,"4,999","9,650",0.48,4.2,1772
B07MKMFKPG,Bosch Pro 1000W Mixer Grinder MGM8842MIN - Black,Home&Kitchen,Kitchen&HomeAppliances,SmallKitchenAppliances,MixerGrinders,,"6,999","10,590",0.34,4.4,11499
B0949FPSFY,Bulfyss Stainless Steel Digital Kitchen Weighing Scale & Food,Home&Kitchen,Kitchen&HomeAppliances,SmallKitchenAppliances,DigitalKitchenScales,,799,"1,999",0.6,4.1,2162
B08F47T4X5,VR 18 Pcs - 3 Different Size Plastic Food Snack Bag Pouch Cli,Home&Kitchen,Kitchen&HomeAppliances,SmallKitchenAppliances,VacuumSealers,,89,89,0,4.2,19621
B01M0505SJ,Orient Electric Apex-FX 1200mm Ultra High Speed 400 RPM Ceili,Home&Kitchen,"Heating,Cooling&AirQuality",Fans,CeilingFans,,"1,400","2,485",0.44,4.1,19998
B08D6RCM3Q,PrettyKrafts Folding Laundry Basket for Clothes with Lid & Ha,Home&Kitchen,HomeStorage&Organization,LaundryOrganization,LaundryBaskets,,355,899,0.61,4.1,1051
B009P2LITG,Bajaj Majesty RX11 2000 Watts Heat Convector Room Heater (Whi,Home&Kitchen,"Heating,Cooling&AirQuality",RoomHeaters,ElectricHeaters,,"2,169","3,279",0.34,4.1,1716
B00V9NHDI4,Eureka Forbes Trendy Zip 1000 Watts powerful suction vacuum c,Home&Kitchen,Kitchen&HomeAppliances,"Vacuum,Cleaning&Ironing",Vacuums&FloorCare,Vacuums,"2,799","3,799",0.26,3.9,32931
B07WGPBXY9,Pigeon by Stovekraft Quartz Electric Kettle (14299) 1.7 Litre,Home&Kitchen,Kitchen&HomeAppliances,SmallKitchenAppliances,Kettles&HotWaterDispensers,ElectricKettles,899,"1,249",0.28,3.9,17424
B00KRCBA6E,Maharaja Whiteline Lava Neo 1200-Watts Halogen Heater (White ,Home&Kitchen,"Heating,Cooling&AirQuality",RoomHeaters,,,"2,499","5,000",0.5,3.8,1889
B0B3X2BY3M,Crompton Gracee 5-L Instant Water Heater (Geyser),Home&Kitchen,"Heating,Cooling&AirQuality",WaterHeaters&Geysers,InstantWaterHeaters,,"3,599","7,299",0.51,4,10324
B00F159RIK,Bajaj DX-2 600W Dry Iron with Advance Soleplate and Anti-bact,Home&Kitchen,Kitchen&HomeAppliances,"Vacuum,Cleaning&Ironing","Irons,Steamers&Accessories",Irons,499,625,0.2,4.2,5355
B08MV82R99,Bajaj Waterproof 1500 Watts Immersion Rod Heater,Home&Kitchen,"Heating,Cooling&AirQuality",WaterHeaters&Geysers,ImmersionRods,,653,"1,020",0.36,4.1,3366
B09VKWGZD7,"AGARO Supreme High Pressure Washer, 1800 Watts, 120 Bars, 6.5",Home&Kitchen,Kitchen&HomeAppliances,"Vacuum,Cleaning&Ironing","PressureWashers,Steam&WindowCleaners",,"4,789","8,990",0.47,4.3,1017
B009P2LK80,"Bajaj Deluxe 2000 Watts Halogen Room Heater (Steel, ISI Appro",Home&Kitchen,"Heating,Cooling&AirQuality",RoomHeaters,HalogenHeaters,,"1,409","1,639",0.14,3.7,787
B00A7PLVU6,Orpat HHB-100E WOB 250-Watt Hand Blender (White),Home&Kitchen,Kitchen&HomeAppliances,SmallKitchenAppliances,HandBlenders,,753,899,0.16,4.2,18462
B0B25DJ352,GILTON Egg Boiler Electric Automatic Off 7 Egg Poacher for St,Home&Kitchen,Kitchen&HomeAppliances,SmallKitchenAppliances,EggBoilers,,353,"1,199",0.71,4.3,629
B013B2WGT6,HealthSense Chef-Mate KS 33 Digital Kitchen Weighing Scale & ,Home&Kitchen,Kitchen&HomeAppliances,SmallKitchenAppliances,DigitalKitchenScales,,"1,099","1,899",0.42,4.3,15276
B097RJ867P,"PHILIPS Digital Air Fryer HD9252/90 with Touch Panel, uses up",Home&Kitchen,Kitchen&HomeAppliances,SmallKitchenAppliances,DeepFatFryers,AirFryers,"8,799","11,595",0.24,4.4,2981
B091V8HK8Z,"Milton Go Electro 2.0 Stainless Steel Electric Kettle, 1 Piec",Home&Kitchen,Kitchen&HomeAppliances,SmallKitchenAppliances,Kettles&HotWaterDispensers,ElectricKettles,"1,345","1,750",0.23,3.8,2466
B071VNHMX2,Philips Daily Collection HD2582/00 830-Watt 2-Slice Pop-up To,Home&Kitchen,Kitchen&HomeAppliances,SmallKitchenAppliances,Pop-upToasters,,"2,095","2,095",0,4.5,7949
B08MVSGXMY,Crompton Insta Comfy 800 Watt Room Heater with 2 Heat Setting,Home&Kitchen,"Heating,Cooling&AirQuality",RoomHeaters,ElectricHeaters,,"1,498","2,300",0.35,3.8,95
B00H0B29DI,USHA Heat Convector 812 T 2000-Watt with Instant Heating Feat,Home&Kitchen,"Heating,Cooling&AirQuality",RoomHeaters,HeatConvectors,,"2,199","2,990",0.26,3.8,1558
B01GZSQJPA,"Philips HL7756/00 Mixer Grinder, 750W, 3 Jars (Black)",Home&Kitchen,Kitchen&HomeAppliances,SmallKitchenAppliances,MixerGrinders,,"3,699","4,295",0.14,4.1,26543
B08VGFX2B6,Kuber Industries Waterproof Round Non Wovan Laundry Bag/Hampe,Home&Kitchen,HomeStorage&Organization,LaundryOrganization,LaundryBaskets,,177,199,0.11,4.1,3688
B09GYBZPHF,"Lifelong LLMG93 500 Watt Duos Mixer Grinder, 2 Stainless Stee",Home&Kitchen,Kitchen&HomeAppliances,SmallKitchenAppliances,MixerGrinders,,"1,149","2,499",0.54,3.8,4383
B0B4KPCBSH,IKEA Frother for Milk,Home&Kitchen,Kitchen&HomeAppliances,"Coffee,Tea&Espresso",CoffeeGrinders,ElectricGrinders,244,499,0.51,3.3,478
B09CGLY5CX,Crompton Insta Comfort Heater 2000 Watts Heat Convector with ,Home&Kitchen,"Heating,Cooling&AirQuality",RoomHeaters,ElectricHeaters,,"1,959","2,400",0.18,4,237
B09JN37WBX,Lint Remover Woolen Clothes Lint Extractor Battery Lint Remov,Home&Kitchen,Kitchen&HomeAppliances,"Vacuum,Cleaning&Ironing","Irons,Steamers&Accessories",LintShavers,319,749,0.57,4.6,124
B01I1LDZGA,Pigeon Kessel Multipurpose Kettle (12173) 1.2 litres with Sta,Home&Kitchen,Kitchen&HomeAppliances,SmallKitchenAppliances,Kettles&HotWaterDispensers,ElectricKettles,"1,499","1,775",0.16,3.9,14667
B0BN2576GQ,"C (DEVICE) Lint Remover for Woolen Clothes, Electric Lint Rem",Home&Kitchen,Kitchen&HomeAppliances,"Vacuum,Cleaning&Ironing","Irons,Steamers&Accessories",LintShavers,469,"1,599",0.71,3.7,6
B06XPYRWV5,Pigeon by Stovekraft 2 Slice Auto Pop up Toaster. A Smart Bre,Home&Kitchen,Kitchen&HomeAppliances,SmallKitchenAppliances,Pop-upToasters,,"1,099","1,795",0.39,4.2,4244
B01N1XVVLC,"Bajaj OFR Room Heater, 13 Fin 2900 Watts Oil Filled Room Heat",Home&Kitchen,"Heating,Cooling&AirQuality",RoomHeaters,FanHeaters,,"9,590","15,999",0.4,4.1,1017
B00O2R38C4,"Luminous Vento Deluxe 150 mm Exhaust Fan for Kitchen, Bathroo",Home&Kitchen,"Heating,Cooling&AirQuality",Fans,ExhaustFans,,999,"1,490",0.33,4.1,12999
B0B2CZTCL2,Wipro Vesta 1.8 litre Cool touch electric Kettle with Auto cu,Home&Kitchen,Kitchen&HomeAppliances,SmallKitchenAppliances,Kettles&HotWaterDispensers,Kettle&ToasterSets,"1,299","1,999",0.35,3.8,311
B00PVT30YI,Kitchen Mart Stainless Steel South Indian Filter Coffee Drip ,Home&Kitchen,Kitchen&HomeAppliances,"Coffee,Tea&Espresso",DripCoffeeMachines,,292,499,0.41,4.1,4238
B00SH18114,Ikea 903.391.72 Polypropylene Plastic Solid Bevara Sealing Cl,Home&Kitchen,Kitchen&HomeAppliances,SmallKitchenAppliances,VacuumSealers,,160,299,0.46,4.6,2781
B00E9G8KOY,HUL Pureit Germkill kit for Classic 23 L water purifier - 150,Home&Kitchen,Kitchen&HomeAppliances,WaterPurifiers&Accessories,WaterPurifierAccessories,,600,600,0,4.1,10907
B00H3H03Q4,HUL Pureit Germkill kit for Classic 23 L water purifier - 300,Home&Kitchen,Kitchen&HomeAppliances,WaterPurifiers&Accessories,WaterCartridges,,"1,130","1,130",0,4.2,13250
B0756K5DYZ,Prestige Iris 750 Watt Mixer Grinder with 3 Stainless Steel J,Home&Kitchen,Kitchen&HomeAppliances,SmallKitchenAppliances,MixerGrinders,,"3,249","6,295",0.48,3.9,43070
B0188KPKB2,Preethi Blue Leaf Diamond MG-214 mixer grinder 750 watt (Blue,Home&Kitchen,Kitchen&HomeAppliances,SmallKitchenAppliances,MixerGrinders,,"3,599","9,455",0.62,4.1,11828
B091KNVNS9,Themisto 350 Watts Egg Boiler-Blue,Home&Kitchen,Kitchen&HomeAppliances,SmallKitchenAppliances,EggBoilers,,368,699,0.47,4.1,1240
B075JJ5NQC,"Butterfly Smart Mixer Grinder, 750W, 4 Jars (Grey)",Home&Kitchen,Kitchen&HomeAppliances,SmallKitchenAppliances,MixerGrinders,,"3,199","4,999",0.36,4,20869
B0B5KZ3C53,"KENT Smart Multi Cooker Cum Kettle 1.2 Liter 800 Watts, Elect",Home&Kitchen,Kitchen&HomeAppliances,SmallKitchenAppliances,Rice&PastaCookers,,"1,599","2,900",0.45,3.7,441
B09NTHQRW3,"InstaCuppa Portable Blender for Smoothie, Milk Shakes, Crushi",Home&Kitchen,Kitchen&HomeAppliances,SmallKitchenAppliances,HandBlenders,,"1,999","2,499",0.2,4.1,1034
B008YW3CYM,USHA EI 1602 1000 W Lightweight Dry Iron with Non-Stick Solep,Home&Kitchen,Kitchen&HomeAppliances,"Vacuum,Cleaning&Ironing","Irons,Steamers&Accessories",Irons,616,"1,190",0.48,4.1,37126
B07QHHCB27,KENT 16044 Hand Blender Stainless Steel 400 W | Variable Spee,Home&Kitchen,Kitchen&HomeAppliances,SmallKitchenAppliances,HandBlenders,,"1,499","2,100",0.29,4.1,6355
B0BMFD94VD,White Feather Portable Heat Sealer Mini Sealing Machine for F,Home&Kitchen,Kitchen&HomeAppliances,SmallKitchenAppliances,VacuumSealers,,199,499,0.6,3.3,12
B00HZIOGXW,Crompton IHL 152 1500-Watt Immersion Water Heater with Copper,Home&Kitchen,"Heating,Cooling&AirQuality",WaterHeaters&Geysers,ImmersionRods,,610,825,0.26,4.1,13165
B09CKSYBLR,InstaCuppa Rechargeable Mini Electric Chopper - Stainless Ste,Home&Kitchen,Kitchen&HomeAppliances,SmallKitchenAppliances,MiniFoodProcessors&Choppers,,999,"1,499",0.33,4.1,1646
B072J83V9W,Philips PowerPro FC9352/01 Compact Bagless Vacuum Cleaner (Bl,Home&Kitchen,Kitchen&HomeAppliances,"Vacuum,Cleaning&Ironing",Vacuums&FloorCare,Vacuums,"8,999","9,995",0.1,4.4,17994
B09MTLG4TP,SAIELLIN Electric Lint Remover for Clothes Fabric Shaver Lint,Home&Kitchen,Kitchen&HomeAppliances,"Vacuum,Cleaning&Ironing","Irons,Steamers&Accessories",LintShavers,453,999,0.55,4.3,610
B097XJQZ8H,"Cookwell Bullet Mixer Grinder (5 Jars, 3 Blades, Silver)",Home&Kitchen,Kitchen&HomeAppliances,SmallKitchenAppliances,MixerGrinders,,"2,464","6,000",0.59,4.1,8866
B00935MD1C,Prestige PRWO 1.8-2 700-Watts Delight Electric Rice Cooker wi,Home&Kitchen,Kitchen&HomeAppliances,SmallKitchenAppliances,Rice&PastaCookers,,"2,719","3,945",0.31,3.7,13406
B0BR4F878Q,Swiffer Instant Electric Water Heater Faucet Tap Home-Kitchen,Home&Kitchen,"Heating,Cooling&AirQuality",WaterHeaters&Geysers,InstantWaterHeaters,,"1,439","1,999",0.28,4.8,53803
B0B3G5XZN5,"InstaCuppa Portable Blender for Smoothie, Milk Shakes, Crushi",Home&Kitchen,Kitchen&HomeAppliances,SmallKitchenAppliances,HandBlenders,,"2,799","3,499",0.2,4.5,546
B07WKB69RS,Lifelong LLWH106 Flash 3 Litres Instant Water Heater for Home,Home&Kitchen,"Heating,Cooling&AirQuality",WaterHeaters&Geysers,InstantWaterHeaters,,"2,088","5,550",0.62,4,5292
B09DL9978Y,Hindware Atlantic Compacto 3 Litre Instant water heater with ,Home&Kitchen,"Heating,Cooling&AirQuality",WaterHeaters&Geysers,InstantWaterHeaters,,"2,399","4,590",0.48,4.1,444
B06XMZV7RH,ATOM Selves-MH 200 GM Digital Pocket Scale,Home&Kitchen,Kitchen&HomeAppliances,SmallKitchenAppliances,DigitalKitchenScales,,308,499,0.38,3.9,4584
B09WMTJPG7,Crompton InstaBliss 3-L Instant Water Heater (Geyser) with Ad,Home&Kitchen,"Heating,Cooling&AirQuality",WaterHeaters&Geysers,InstantWaterHeaters,,"2,599","4,400",0.41,4.1,14947
B09ZK6THRR,Croma 1100 W Dry Iron with Weilburger Dual Soleplate Coating ,Home&Kitchen,Kitchen&HomeAppliances,"Vacuum,Cleaning&Ironing","Irons,Steamers&Accessories",Irons,479,"1,000",0.52,4.2,1559
B07MP21WJD,"Lint Roller with 40 Paper Sheets, 22 x 5 cm (Grey)",Home&Kitchen,Kitchen&HomeAppliances,"Vacuum,Cleaning&Ironing","Irons,Steamers&Accessories",LintShavers,245,299,0.18,4.1,1660
B09XB1R2F3,Portable Lint Remover Pet Fur Remover Clothes Fuzz Remover Pe,Home&Kitchen,Kitchen&HomeAppliances,"Vacuum,Cleaning&Ironing","Irons,Steamers&Accessories",LintShavers,179,799,0.78,3.5,132
B08Y5QJXSR,atomberg Renesa 1200mm BLDC Motor with Remote 3 Blade Energy ,Home&Kitchen,"Heating,Cooling&AirQuality",Fans,CeilingFans,,"3,569","5,190",0.31,4.3,28629
B07WJXCTG9,Pigeon by Stovekraft Amaze Plus Electric Kettle (14313) with ,Home&Kitchen,Kitchen&HomeAppliances,SmallKitchenAppliances,Kettles&HotWaterDispensers,ElectricKettles,699,"1,345",0.48,3.9,8446
B09NBZ36F7,Usha CookJoy (CJ1600WPC) 1600 Watt Induction cooktop (Black),Home&Kitchen,Kitchen&HomeAppliances,SmallKitchenAppliances,InductionCooktop,,"2,089","4,000",0.48,4.2,11199
B0912WJ87V,"Reffair AX30 [MAX] Portable Air Purifier for Car, Home & Offi",Car&Motorbike,CarAccessories,InteriorAccessories,AirPurifiers&Ionizers,,"2,339","4,000",0.42,3.8,1118
B0BMTZ4T1D,!!1000 Watt/2000-Watt Room Heater!! Fan Heater!!Pure White!!H,Home&Kitchen,"Heating,Cooling&AirQuality",RoomHeaters,FanHeaters,,784,"1,599",0.51,4.5,11
B07Z51CGGH,Eureka Forbes Wet & Dry Ultimo 1400 Watts Multipurpose Vacuum,Home&Kitchen,Kitchen&HomeAppliances,"Vacuum,Cleaning&Ironing",Vacuums&FloorCare,Vacuums,"5,499","9,999",0.45,3.8,4353
B0BDG6QDYD,Activa Heat-Max 2000 Watts Room Heater (White color ) with AB,Home&Kitchen,"Heating,Cooling&AirQuality",RoomHeaters,FanHeaters,,899,"1,990",0.55,4.1,185
B00YQLG7GK,"PHILIPS HL1655/00 Hand Blender, White Jar 250W",Home&Kitchen,Kitchen&HomeAppliances,SmallKitchenAppliances,HandBlenders,,"1,695","1,695",0,4.2,14290
B00SMJPA9C,Bajaj DX-2 600W Dry Iron with Advance Soleplate and Anti-Bact,Home&Kitchen,Kitchen&HomeAppliances,"Vacuum,Cleaning&Ironing","Irons,Steamers&Accessories",Irons,499,940,0.47,4.1,3036
B0B9RN5X8B,V-Guard Zio Instant Water Geyser | 3 Litre | 3000 W Heating |,Home&Kitchen,"Heating,Cooling&AirQuality",WaterHeaters&Geysers,InstantWaterHeaters,,"2,699","4,700",0.43,4.2,1296
B08QW937WV,Homeistic Applience™ Instant Electric Water Heater Faucet T,Home&Kitchen,"Heating,Cooling&AirQuality",WaterHeaters&Geysers,InstantWaterHeaters,,"1,448","2,999",0.52,4.5,19
B0B4PPD89B,Kitchenwell 18Pc Plastic Food Snack Bag Pouch Clip Sealer for,Home&Kitchen,Kitchen&HomeAppliances,SmallKitchenAppliances,VacuumSealers,,79,79,0,4,97
B08GM5S4CQ,Havells Instanio 10 Litre Storage Water Heater with Flexi Pip,Home&Kitchen,"Heating,Cooling&AirQuality",WaterHeaters&Geysers,StorageWaterHeaters,,"6,990","14,290",0.51,4.4,1771
B00NM6MO26,Prestige PIC 16.0+ 1900W Induction Cooktop with Soft Touch Pu,Home&Kitchen,Kitchen&HomeAppliances,SmallKitchenAppliances,InductionCooktop,,"2,698","3,945",0.32,4,15034
B083M7WPZD,"AGARO 33398 Rapid 1000-Watt, 10-Litre Wet & Dry Vacuum Cleane",Home&Kitchen,Kitchen&HomeAppliances,"Vacuum,Cleaning&Ironing",Vacuums&FloorCare,Vacuums,"3,199","5,999",0.47,4,3242
B07GLSKXS1,KENT 16026 Electric Kettle Stainless Steel 1.8 L | 1500W | Su,Home&Kitchen,Kitchen&HomeAppliances,SmallKitchenAppliances,Kettles&HotWaterDispensers,Kettle&ToasterSets,"1,199","1,950",0.39,3.9,2832
B09F6KL23R,SKYTONE Stainless Steel Electric Meat Grinders with Bowl 700W,Home&Kitchen,Kitchen&HomeAppliances,SmallKitchenAppliances,MiniFoodProcessors&Choppers,,"1,414","2,799",0.49,4,1498
B094G9L9LT,KENT 16088 Vogue Electric Kettle 1.8 Litre 1500 W | Stainless,Home&Kitchen,Kitchen&HomeAppliances,SmallKitchenAppliances,Kettles&HotWaterDispensers,ElectricKettles,999,"1,950",0.49,3.8,305
B09FZ89DK6,"Eureka Forbes Supervac 1600 Watts Powerful Suction,bagless Va",Home&Kitchen,Kitchen&HomeAppliances,"Vacuum,Cleaning&Ironing",Vacuums&FloorCare,Vacuums,"5,999","9,999",0.4,4.2,1191
B0811VCGL5,"Mi Air Purifier 3 with True HEPA Filter, removes air pollutan",Home&Kitchen,"Heating,Cooling&AirQuality",AirPurifiers,HEPAAirPurifiers,,"9,970","12,999",0.23,4.3,4049
B07FXLC2G2,"Tata Swach Bulb 6000-Litre Cartridge, 1 Piece, White, Hollow ",Home&Kitchen,Kitchen&HomeAppliances,WaterPurifiers&Accessories,WaterFilters&Purifiers,,698,699,0,4.2,3160
B01LYU3BZF,Havells Ambrose 1200mm Ceiling Fan (Gold Mist Wood),Home&Kitchen,"Heating,Cooling&AirQuality",Fans,CeilingFans,,"2,199","3,190",0.31,4.3,9650
B083RC4WFJ,"PrettyKrafts Laundry Bag / Basket for Dirty Clothes, Folding ",Home&Kitchen,HomeStorage&Organization,LaundryOrganization,LaundryBags,,320,799,0.6,4.2,3846
B09SFRNKSR,FABWARE Lint Remover for Clothes - Sticky Lint Roller for Clo,Home&Kitchen,Kitchen&HomeAppliances,"Vacuum,Cleaning&Ironing","Irons,Steamers&Accessories",LintShavers,298,499,0.4,4.4,290
B07NRTCDS5,Brayden Fito Atom Rechargeable Smoothie Blender with 2000 mAh,Home&Kitchen,Kitchen&HomeAppliances,SmallKitchenAppliances,JuicerMixerGrinders,,"1,199","1,499",0.2,3.8,2206
B07SPVMSC6,Bajaj Frore 1200 mm Ceiling Fan (Brown),Home&Kitchen,"Heating,Cooling&AirQuality",Fans,CeilingFans,,"1,399","2,660",0.47,4.1,9349
B09H3BXWTK,Venus Digital Kitchen Weighing Scale & Food Weight Machine fo,Home&Kitchen,Kitchen&HomeAppliances,SmallKitchenAppliances,DigitalKitchenScales,,599,"2,799",0.79,3.9,578
B0073QGKAS,Bajaj ATX 4 750-Watt Pop-up Toaster (White),Home&Kitchen,Kitchen&HomeAppliances,SmallKitchenAppliances,Pop-upToasters,,"1,499","1,499",0,4.3,9331
B08GJ57MKL,"Coway Professional Air Purifier for Home, Longest Filter Life",Home&Kitchen,"Heating,Cooling&AirQuality",AirPurifiers,HEPAAirPurifiers,,"14,400","59,900",0.76,4.4,3837
B009DA69W6,KENT Gold Optima Gravity Water Purifier (11016) | UF Technolo,Home&Kitchen,Kitchen&HomeAppliances,WaterPurifiers&Accessories,WaterFilters&Purifiers,,"1,699","1,900",0.11,3.6,11456
B099PR2GQJ,HOMEPACK 750W Radiant Room Home Office Heaters For Winter,Home&Kitchen,"Heating,Cooling&AirQuality",RoomHeaters,ElectricHeaters,,649,999,0.35,3.8,49
B08G8H8DPL,"Bajaj Rex 750W Mixer Grinder with Nutri Pro Feature, 4 Jars, ",Home&Kitchen,Kitchen&HomeAppliances,SmallKitchenAppliances,MixerGrinders,,"3,249","6,375",0.49,4,4978
B08VGM3YMF,Heart Home Waterproof Round Non Wovan Laundry Bag/Hamper|Meta,Home&Kitchen,HomeStorage&Organization,LaundryOrganization,LaundryBaskets,,199,499,0.6,4.1,1996
B08TTRVWKY,MILTON Smart Egg Boiler 360-Watts (Transparent and Silver Gre,Home&Kitchen,Kitchen&HomeAppliances,SmallKitchenAppliances,EggBoilers,,"1,099","1,899",0.42,4.3,1811
B07T4D9FNY,iBELL SEK15L Premium 1.5 Litre Stainless Steel Electric Kettl,Home&Kitchen,Kitchen&HomeAppliances,SmallKitchenAppliances,Kettles&HotWaterDispensers,ElectricKettles,664,"1,490",0.55,4,2198
B07RX42D3D,Tosaa T2STSR Sandwich Gas Toaster Regular (Black),Home&Kitchen,Kitchen&HomeAppliances,SmallKitchenAppliances,SandwichMakers,,260,350,0.26,3.9,13127
B08WRKSF9D,V-Guard Divino 5 Star Rated 15 Litre Storage Water Heater (Ge,Home&Kitchen,"Heating,Cooling&AirQuality",WaterHeaters&Geysers,StorageWaterHeaters,,"6,499","8,500",0.24,4.4,5865
B09R83SFYV,Akiara® - Makes life easy Mini Sewing Machine with Table Set,Home&Kitchen,Kitchen&HomeAppliances,SewingMachines&Accessories,Sewing&EmbroideryMachines,,"1,484","2,499",0.41,3.7,1067
B07989VV5K,"Usha Steam Pro SI 3713, 1300 W Steam Iron, Powerful steam Out",Home&Kitchen,Kitchen&HomeAppliances,"Vacuum,Cleaning&Ironing","Irons,Steamers&Accessories",Irons,999,"1,560",0.36,3.6,4881
B07FL3WRX5,Wonderchef Nutri-blend Complete Kitchen Machine | 22000 RPM M,Home&Kitchen,Kitchen&HomeAppliances,SmallKitchenAppliances,JuicerMixerGrinders,,"3,299","6,500",0.49,3.7,11217
B0BPCJM7TB,WIDEWINGS Electric Handheld Milk Wand Mixer Frother for Latte,Home&Kitchen,Kitchen&HomeAppliances,SmallKitchenAppliances,HandBlenders,,259,999,0.74,4,43
B08H673XKN,"Morphy Richards Icon Superb 750W Mixer Grinder, 4 Jars, Silve",Home&Kitchen,Kitchen&HomeAppliances,SmallKitchenAppliances,MixerGrinders,,"3,249","7,795",0.58,4.2,4664
B07DXRGWDJ,Philips Handheld Garment Steamer GC360/30 - Vertical & Horizo,Home&Kitchen,Kitchen&HomeAppliances,"Vacuum,Cleaning&Ironing","Irons,Steamers&Accessories",Irons,"4,280","5,995",0.29,3.8,2112
B08243SKCK,Vedini Transparent Empty Refillable Reusable Fine Mist Spray ,Home&Kitchen,HomeStorage&Organization,LaundryOrganization,IroningAccessories,SprayBottles,189,299,0.37,4.2,2737
B09SPTNG58,Crompton Sea Sapphira 1200 mm Ultra High Speed 3 Blade Ceilin,Home&Kitchen,"Heating,Cooling&AirQuality",Fans,CeilingFans,,"1,449","2,349",0.38,3.9,9019
B083J64CBB,Kuber Industries Waterproof Canvas Laundry Bag/Hamper|Metalic,Home&Kitchen,HomeStorage&Organization,LaundryOrganization,LaundryBaskets,,199,499,0.6,4,10234
B08JV91JTK,JM SELLER 180 W 2021 Edition Electric Beater High Speed Hand ,Home&Kitchen,Kitchen&HomeAppliances,SmallKitchenAppliances,HandMixers,,474,"1,299",0.64,4.1,550
B0BQ3K23Y1,"Oratech Coffee Frother electric, milk frother electric, coffe",Home&Kitchen,Kitchen&HomeAppliances,SmallKitchenAppliances,HandBlenders,,279,499,0.44,4.8,28
B09MT94QLL,"Havells Glaze 74W Pearl Ivory Gold Ceiling Fan, Sweep: 1200 M",Home&Kitchen,"Heating,Cooling&AirQuality",Fans,CeilingFans,,"1,999","4,775",0.58,4.2,1353
B07NKNBTT3,Pick Ur Needs® Lint Remover for Clothes High Range Rechargea,Home&Kitchen,Kitchen&HomeAppliances,"Vacuum,Cleaning&Ironing","Irons,Steamers&Accessories",LintShavers,799,"1,230",0.35,4.1,2138
B09KPXTZXN,Rico Japanese Technology Rechargeable Wireless Electric Chopp,Home&Kitchen,Kitchen&HomeAppliances,SmallKitchenAppliances,MiniFoodProcessors&Choppers,,949,"1,999",0.53,4,1679
B078HG2ZPS,"Butterfly Smart Wet Grinder, 2L (White) with Coconut Scrapper",Home&Kitchen,Kitchen&HomeAppliances,SmallKitchenAppliances,Mills&Grinders,WetGrinders,"3,657.66","5,156",0.29,3.9,12837
B07N2MGB3G,"AGARO Marvel 9 Liters Oven Toaster Griller, Cake Baking OTG (",Home&Kitchen,Kitchen&HomeAppliances,SmallKitchenAppliances,OvenToasterGrills,,"1,699","1,999",0.15,4.1,8873
B008LN8KDM,Philips GC1920/28 1440-Watt Non-Stick Soleplate Steam Iron,Home&Kitchen,Kitchen&HomeAppliances,"Vacuum,Cleaning&Ironing","Irons,Steamers&Accessories",Irons,"1,849","2,095",0.12,4.3,7681
B08MZNT7GP,Havells OFR 13 Wave Fin with PTC Fan Heater 2900 Watts (Black,Home&Kitchen,"Heating,Cooling&AirQuality",RoomHeaters,FanHeaters,,"12,499","19,825",0.37,4.1,322
B009P2L7CO,Bajaj DHX-9 1000W Heavy Weight Dry Iron with Advance Soleplat,Home&Kitchen,Kitchen&HomeAppliances,"Vacuum,Cleaning&Ironing","Irons,Steamers&Accessories",Irons,"1,099","1,920",0.43,4.2,9772
B07YC8JHMB,"Aquasure From Aquaguard Amaze RO+UV+MTDS,7L storage water pur",Home&Kitchen,Kitchen&HomeAppliances,WaterPurifiers&Accessories,WaterFilters&Purifiers,,"8,199","16,000",0.49,3.9,18497
B0BNQMF152,ROYAL STEP Portable Electric USB Juice Maker Juicer Bottle Bl,Home&Kitchen,Kitchen&HomeAppliances,SmallKitchenAppliances,JuicerMixerGrinders,,499,"2,199",0.77,3.7,53
B08J7VCT12,KENT 16068 Zoom Vacuum Cleaner for Home and Car 130 W | Cordl,Home&Kitchen,Kitchen&HomeAppliances,"Vacuum,Cleaning&Ironing",Vacuums&FloorCare,Vacuums,"6,999","14,999",0.53,4.1,1728
B0989W6J2F,ENEM Sealing Machine | 12 Inch (300 mm) | 1 Year Warranty | F,Home&Kitchen,Kitchen&HomeAppliances,SmallKitchenAppliances,VacuumSealers,,"1,595","1,799",0.11,4,2877
B0B84KSH3X,Wipro Vesta 1200 Watt GD203 Heavyweight Automatic Dry Iron| Q,Home&Kitchen,Kitchen&HomeAppliances,"Vacuum,Cleaning&Ironing","Irons,Steamers&Accessories",Irons,"1,049","1,950",0.46,3.8,250
B08HLC7Z3G,Inalsa Electric Kettle Prism Inox - 1350 W with LED Illuminat,Home&Kitchen,Kitchen&HomeAppliances,SmallKitchenAppliances,Kettles&HotWaterDispensers,Kettle&ToasterSets,"1,182","2,995",0.61,4.2,5178
B0BN6M3TCM,"VRPRIME Lint Roller Lint Remover for Clothes, Pet | 360 Sheet",Home&Kitchen,Kitchen&HomeAppliances,"Vacuum,Cleaning&Ironing","Irons,Steamers&Accessories",LintShavers,499,999,0.5,4.6,79
B01L6MT7E0,"Philips AC1215/20 Air purifier, removes 99.97% airborne pollu",Home&Kitchen,"Heating,Cooling&AirQuality",AirPurifiers,HEPAAirPurifiers,,"8,799","11,995",0.27,4.1,4157
B0B9F9PT8R,"Eopora PTC Ceramic Fast Heating Room Heater for Bedroom, 1500",Home&Kitchen,"Heating,Cooling&AirQuality",RoomHeaters,ElectricHeaters,,"1,529","2,999",0.49,3.3,29
B0883LQJ6B,"Usha Goliath GO1200WG Heavy Weight 1200-Watt Dry Iron, 1.8 Kg",Home&Kitchen,Kitchen&HomeAppliances,"Vacuum,Cleaning&Ironing","Irons,Steamers&Accessories",Irons,"1,199","1,690",0.29,4.2,4580
B099Z83VRC,"Wipro Vesta Electric Egg Boiler, 360 Watts, 3 Boiling Modes, ",Home&Kitchen,Kitchen&HomeAppliances,SmallKitchenAppliances,EggBoilers,,"1,052","1,790",0.41,4.3,1404
B00S9BSJC8,Philips Viva Collection HR1832/00 1.5-Litre400-Watt Juicer (I,Home&Kitchen,Kitchen&HomeAppliances,SmallKitchenAppliances,Juicers,,"6,499","8,995",0.28,4.3,2810
B0B4SJKRDF,Kitchenwell Multipurpose Portable Electronic Digital Weighing,Home&Kitchen,Kitchen&HomeAppliances,SmallKitchenAppliances,DigitalKitchenScales,DigitalScales,239,239,0,4.3,7
B0BM4KTNL1,"FIGMENT Handheld Milk Frother Rechargeable, 3-Speed Electric ",Home&Kitchen,Kitchen&HomeAppliances,SmallKitchenAppliances,HandBlenders,,699,"1,599",0.56,4.7,1729
B08S6RKT4L,Balzano High Speed Nutri Blender/Mixer/Smoothie Maker - 500 W,Home&Kitchen,Kitchen&HomeAppliances,SmallKitchenAppliances,,,"2,599","4,290",0.39,4.4,2116
B09SZ5TWHW,Swiss Military VC03 Wireless Car Vacuum Cleaner | Wireless Va,Home&Kitchen,Kitchen&HomeAppliances,"Vacuum,Cleaning&Ironing",Vacuums&FloorCare,Vacuums,"1,547","2,890",0.46,3.9,463
B0BLC2BYPX,Zuvexa USB Rechargeable Electric Foam Maker - Handheld Milk W,Home&Kitchen,Kitchen&HomeAppliances,SmallKitchenAppliances,HandBlenders,,499,"1,299",0.62,4.7,54
B00P0R95EA,Usha IH2415 1500-Watt Immersion Heater (Silver),Home&Kitchen,"Heating,Cooling&AirQuality",WaterHeaters&Geysers,ImmersionRods,,510,640,0.2,4.1,7229
B07W4HTS8Q,ACTIVA Instant 3 LTR 3 KVA SPECIAL Anti Rust Coated Tank Geys,Home&Kitchen,"Heating,Cooling&AirQuality",WaterHeaters&Geysers,InstantWaterHeaters,,"1,899","3,790",0.5,3.8,3842
B078JBK4GX,"Havells Instanio 1-Litre 3KW Instant Water Heater (Geyser), W",Home&Kitchen,"Heating,Cooling&AirQuality",WaterHeaters&Geysers,InstantWaterHeaters,,"2,599","4,560",0.43,4.4,646
B08S7V8YTN,Lifelong 2-in1 Egg Boiler and Poacher 500-Watt (Transparent a,Home&Kitchen,Kitchen&HomeAppliances,SmallKitchenAppliances,EggBoilers,,"1,199","3,500",0.66,4.3,1802
B07H5PBN54,INDIAS®™ Electro-Instant Water Geyser A.B.S. Body Shock Pr,Home&Kitchen,"Heating,Cooling&AirQuality",WaterHeaters&Geysers,InstantWaterHeaters,,999,"2,600",0.62,3.4,252
B07YCBSCYB,AmazonBasics Induction Cooktop 1600 Watt (Black),Home&Kitchen,Kitchen&HomeAppliances,SmallKitchenAppliances,InductionCooktop,,"1,999","3,300",0.39,4.2,780
B098T9CJVQ,Sui Generis Electric Handheld Milk Wand Mixer Frother for Lat,Home&Kitchen,Kitchen&HomeAppliances,SmallKitchenAppliances,HandBlenders,,210,699,0.7,3.7,74
B01KCSGBU2,"Philips Air Purifier Ac2887/20,Vitashield Intelligent Purific",Home&Kitchen,"Heating,Cooling&AirQuality",AirPurifiers,HEPAAirPurifiers,,"14,499","23,559",0.38,4.3,2026
B095XCRDQW,"Esquire Laundry Basket Brown, 50 Ltr Capacity(Plastic)",Home&Kitchen,HomeStorage&Organization,LaundryOrganization,LaundryBaskets,,950,"1,599",0.41,4.3,5911
B09CTWFV5W,"PHILIPS Air Fryer HD9200/90, uses up to 90% less fat, 1400W, ",Home&Kitchen,Kitchen&HomeAppliances,SmallKitchenAppliances,DeepFatFryers,AirFryers,"7,199","9,995",0.28,4.4,1964
B0B7NWGXS6,Havells Bero Quartz Heater Black 800w 2 Heat Settings 2 Year ,Home&Kitchen,"Heating,Cooling&AirQuality",RoomHeaters,ElectricHeaters,,"2,439","2,545",0.04,4.1,25
B07DZ986Q2,Philips EasyTouch Plus Standing Garment Steamer GC523/60 - 16,Home&Kitchen,Kitchen&HomeAppliances,"Vacuum,Cleaning&Ironing","Irons,Steamers&Accessories",Irons,"7,799","8,995",0.13,4,3160
B07KKJPTWB,"Brayden Chopro, Electric Vegetable Chopper for Kitchen with 5",Home&Kitchen,Kitchen&HomeAppliances,SmallKitchenAppliances,MiniFoodProcessors&Choppers,,"1,599","1,999",0.2,4.4,1558
B071R3LHFM,"Wonderchef Nutri-blend Mixer, Grinder & Blender | Powerful 40",Home&Kitchen,Kitchen&HomeAppliances,SmallKitchenAppliances,MixerGrinders,,"2,899","5,500",0.47,3.8,8958
B086X18Q71,Usha Janome Dream Stitch Automatic Zig-Zag Electric Sewing Ma,Home&Kitchen,Kitchen&HomeAppliances,SewingMachines&Accessories,Sewing&EmbroideryMachines,,"9,799","12,150",0.19,4.3,13251
B07WVQG8WZ,Black+Decker Handheld Portable Garment Steamer 1500 Watts wit,Home&Kitchen,Kitchen&HomeAppliances,"Vacuum,Cleaning&Ironing","Irons,Steamers&Accessories",Irons,"3,299","4,995",0.34,3.8,1393
B0BFBNXS94,"Personal Size Blender, Portable Blender, Battery Powered USB ",Home&Kitchen,Kitchen&HomeAppliances,SmallKitchenAppliances,HandBlenders,,669,"1,499",0.55,2.3,13
B071113J7M,Sujata Powermatic Plus 900 Watts Juicer Mixer Grinder,Home&Kitchen,Kitchen&HomeAppliances,SmallKitchenAppliances,JuicerMixerGrinders,,"5,890","7,506",0.22,4.5,7241
B09YLWT89W,Sure From Aquaguard Delight NXT RO+UV+UF+Taste Adjuster(MTDS),Home&Kitchen,Kitchen&HomeAppliances,WaterPurifiers&Accessories,WaterFilters&Purifiers,,"9,199","18,000",0.49,4,16020
B0814LP6S9,"PrettyKrafts Laundry Basket for clothes with Lid & Handles, T",Home&Kitchen,HomeStorage&Organization,LaundryOrganization,LaundryBaskets,,351,"1,099",0.68,3.7,1470
B07BKSSDR2,Dr Trust Electronic Kitchen Digital Scale Weighing Machine (B,Health&PersonalCare,HomeMedicalSupplies&Equipment,HealthMonitors,WeighingScales,DigitalBathroomScales,899,"1,900",0.53,4,3663
B09VGS66FV,"Tesora - Inspired by you Large Premium Electric Kettle 1.8L, ",Home&Kitchen,Kitchen&HomeAppliances,SmallKitchenAppliances,Kettles&HotWaterDispensers,Kettle&ToasterSets,"1,349","1,850",0.27,4.4,638
B07RCGTZ4M,"AGARO Ace 1600 Watts, 21.5 kPa Suction Power, 21 litres Wet &",Home&Kitchen,Kitchen&HomeAppliances,"Vacuum,Cleaning&Ironing",Vacuums&FloorCare,Vacuums,"6,236","9,999",0.38,4.1,3552
B0747VDH9L,"INALSA Hand Blender 1000 Watt with Chopper, Whisker, 600 ml M",Home&Kitchen,Kitchen&HomeAppliances,SmallKitchenAppliances,HandBlenders,,"2,742","3,995",0.31,4.4,11148
B08XLR6DSB,akiara - Makes life easy Electric Handy Sewing/Stitch Handhel,Home&Kitchen,Kitchen&HomeAppliances,SewingMachines&Accessories,Sewing&EmbroideryMachines,,721,"1,499",0.52,3.1,2449
B08H6CZSHT,"Philips EasySpeed Plus Steam Iron GC2145/20-2200W, Quick Heat",Home&Kitchen,Kitchen&HomeAppliances,"Vacuum,Cleaning&Ironing","Irons,Steamers&Accessories",Irons,"2,903","3,295",0.12,4.3,2299
B07CVR2L5K,INALSA Electric Chopper Bullet- 400 Watts with 100% Pure Copp,Home&Kitchen,Kitchen&HomeAppliances,SmallKitchenAppliances,MiniFoodProcessors&Choppers,,"1,656","2,695",0.39,4.4,6027
B09J4YQYX3,"Borosil Electric Egg Boiler, 8 Egg Capacity, For Hard, Soft, ",Home&Kitchen,Kitchen&HomeAppliances,SmallKitchenAppliances,EggBoilers,,"1,399","2,290",0.39,4.4,461
B0B2DD8BQ8,Wipro Vesta Grill 1000 Watt Sandwich Maker |Dual function-SW ,Home&Kitchen,Kitchen&HomeAppliances,SmallKitchenAppliances,SandwichMakers,,"2,079","3,099",0.33,4.1,282
B0123P3PWE,Rico IRPRO 1500 Watt Japanese Technology Electric Water Heate,Home&Kitchen,"Heating,Cooling&AirQuality",WaterHeaters&Geysers,ImmersionRods,,999,"1,075",0.07,4.1,9275
B08HDCWDXD,Eureka Forbes Active Clean 700 Watts Powerful Suction & Blowe,Home&Kitchen,Kitchen&HomeAppliances,"Vacuum,Cleaning&Ironing",Vacuums&FloorCare,Vacuums,"3,179","6,999",0.55,4,743
B0836JGZ74,"CSI INTERNATIONAL® Instant Water Geyser, Water Heater, Porta",Home&Kitchen,"Heating,Cooling&AirQuality",WaterHeaters&Geysers,InstantWaterHeaters,,"1,049","2,499",0.58,3.6,328
B0BCKJJN8R,Hindware Atlantic Xceed 5L 3kW Instant Water Heater with Copp,Home&Kitchen,"Heating,Cooling&AirQuality",WaterHeaters&Geysers,InstantWaterHeaters,,"3,599","7,290",0.51,3.9,942
B008P7IF02,Morphy Richards New Europa 800-Watt Espresso and Cappuccino 4,Home&Kitchen,Kitchen&HomeAppliances,"Coffee,Tea&Espresso",EspressoMachines,,"4,799","5,795",0.17,3.9,3815
B08CNLYKW5,Lifelong Power - Pro 500 Watt 3 Jar Mixer Grinder with 3 Spee,Home&Kitchen,Kitchen&HomeAppliances,SmallKitchenAppliances,MixerGrinders,,"1,699","3,398",0.5,3.8,7988
B08C7TYHPB,iBELL Castor CTEK15L Premium 1.5 Litre Stainless Steel Electr,Home&Kitchen,Kitchen&HomeAppliances,SmallKitchenAppliances,Kettles&HotWaterDispensers,Kettle&ToasterSets,664,"1,490",0.55,4.1,925
B08VJFYH6N,"BAJAJ PYGMY MINI 110 MM 10 W HIGH SPEED OPERATION, USB CHARGI",Home&Kitchen,"Heating,Cooling&AirQuality",Fans,TableFans,,948,"1,620",0.41,4.1,4370
B08235JZFB,Crompton InstaGlide 1000-Watts Dry Iron with American Heritag,Home&Kitchen,Kitchen&HomeAppliances,"Vacuum,Cleaning&Ironing","Irons,Steamers&Accessories",Irons,850,"1,000",0.15,4.1,7619
B078XFKBZL,Prestige Clean Home Water Purifier Cartridge,Home&Kitchen,Kitchen&HomeAppliances,WaterPurifiers&Accessories,WaterCartridges,,600,640,0.06,3.8,2593
B01M265AAK,Morphy Richards Aristo 2000 Watts PTC Room Heater (White),Home&Kitchen,"Heating,Cooling&AirQuality",RoomHeaters,ElectricHeaters,,"3,711","4,495",0.17,4.3,356
B0B694PXQJ,Gadgetronics Digital Kitchen Weighing Scale & Food Weight Mac,Home&Kitchen,Kitchen&HomeAppliances,SmallKitchenAppliances,DigitalKitchenScales,,799,"2,999",0.73,4.5,63
B00B3VFJY2,HUL Pureit Germkill kit for Advanced 23 L water purifier - 30,Home&Kitchen,Kitchen&HomeAppliances,WaterPurifiers&Accessories,WaterPurifierAccessories,,980,980,0,4.2,4740
B08W9BK4MD,Tom & Jerry Folding Laundry Basket for Clothes with Lid & Han,Home&Kitchen,HomeStorage&Organization,LaundryOrganization,LaundryBaskets,,351,899,0.61,3.9,296
B09X5HD5T1,"Ikea Little Loved Corner PRODUKT Milk-frother, Coffee/Tea Fro",Home&Kitchen,Kitchen&HomeAppliances,"Coffee,Tea&Espresso",MilkFrothers,,229,499,0.54,3.5,185
B08H6B3G96,"Philips EasySpeed Plus Steam Iron GC2147/30-2400W, Quick Heat",Home&Kitchen,Kitchen&HomeAppliances,"Vacuum,Cleaning&Ironing","Irons,Steamers&Accessories",Irons,"3,349","3,995",0.16,4.3,1954
B09N3BFP4M,Bajaj New Shakti Neo Plus 15 Litre 4 Star Rated Storage Water,Home&Kitchen,"Heating,Cooling&AirQuality",WaterHeaters&Geysers,StorageWaterHeaters,,"5,499","11,500",0.52,3.9,959
B09DSQXCM8,House of Quirk Reusable Sticky Picker Cleaner Easy-Tear Sheet,Home&Kitchen,Kitchen&HomeAppliances,"Vacuum,Cleaning&Ironing","Irons,Steamers&Accessories",LintShavers,299,499,0.4,3.9,1015
B01M69WCZ6,Allin Exporters J66 Ultrasonic Humidifier Cool Mist Air Purif,Home&Kitchen,"Heating,Cooling&AirQuality",Humidifiers,,,"2,249","3,550",0.37,4,3973
B0BM9H2NY9,Multifunctional 2 in 1 Electric Egg Boiling Steamer Egg Fryin,Home&Kitchen,Kitchen&HomeAppliances,SmallKitchenAppliances,EggBoilers,,699,"1,599",0.56,4.7,2300
B099FDW2ZF,"Maharaja Whiteline Nano Carbon Neo, 500 Watts Room Heater (Bl",Home&Kitchen,"Heating,Cooling&AirQuality",RoomHeaters,ElectricHeaters,,"1,235","1,499",0.18,4.1,203
B0B935YNR7,"KENT Electric Chopper-B for Kitchen 250 Watt | Chop, Mince, P",Home&Kitchen,Kitchen&HomeAppliances,SmallKitchenAppliances,MiniFoodProcessors&Choppers,,"1,349","2,999",0.55,3.8,441
B07JGCGNDG,Crompton Amica 15-L 5 Star Rated Storage Water Heater (Geyser,Home&Kitchen,"Heating,Cooling&AirQuality",WaterHeaters&Geysers,StorageWaterHeaters,,"6,800","11,500",0.41,4.1,10308
B08L12N5H1,Eureka Forbes car Vac 100 Watts Powerful Suction Vacuum Clean,Home&Kitchen,Kitchen&HomeAppliances,"Vacuum,Cleaning&Ironing",Vacuums&FloorCare,Vacuums,"2,099","2,499",0.16,,992
B07GWTWFS2,KENT 16025 Sandwich Grill 700W | Non-Toxic Ceramic Coating | ,Home&Kitchen,Kitchen&HomeAppliances,SmallKitchenAppliances,SandwichMakers,,"1,699","1,975",0.14,4.1,4716
B09KRHXTLN,Candes Gloster All in One Silent Blower Fan Room Heater Ideal,Home&Kitchen,"Heating,Cooling&AirQuality",RoomHeaters,FanHeaters,,"1,069","1,699",0.37,3.9,313
B09H34V36W,Inalsa Electric Fan Heater Hotty - 2000 Watts Variable Temper,Home&Kitchen,"Heating,Cooling&AirQuality",RoomHeaters,FanHeaters,,"1,349","2,495",0.46,3.8,166
B09J2QCKKM,Havells Zella Flap Auto Immersion Rod 1500 Watts,Home&Kitchen,"Heating,Cooling&AirQuality",WaterHeaters&Geysers,ImmersionRods,,"1,499","3,500",0.57,4.1,303
B09XRBJ94N,iBELL SM1301 3-in-1 Sandwich Maker with Detachable Plates for,Home&Kitchen,Kitchen&HomeAppliances,SmallKitchenAppliances,SandwichMakers,,"2,092","4,600",0.55,4.3,562
B07SLNG3LW,Inalsa Vacuum Cleaner Wet and Dry Micro WD10 with 3in1 Multif,Home&Kitchen,Kitchen&HomeAppliances,"Vacuum,Cleaning&Ironing",Vacuums&FloorCare,Vacuums,"3,859","10,295",0.63,3.9,8095
B0BNDGL26T,MR. BRAND Portable USB Juicer Electric USB Juice Maker Mixer ,Home&Kitchen,Kitchen&HomeAppliances,SmallKitchenAppliances,JuicerMixerGrinders,,499,"2,199",0.77,2.8,109
B095PWLLY6,Crompton Hill Briz Deco 1200mm (48 inch) High Speed Designer ,Home&Kitchen,"Heating,Cooling&AirQuality",Fans,CeilingFans,,"1,804","2,380",0.24,4,15382
B07Y9PY6Y1,"Sujata Powermatic Plus, Juicer Mixer Grinder with Chutney Jar",Home&Kitchen,Kitchen&HomeAppliances,SmallKitchenAppliances,JuicerMixerGrinders,,"6,525","8,820",0.26,4.5,5137
B0BJ966M5K,Aquadpure Copper + Mineral RO+UV+UF 10 to 12 Liter RO + UV + ,Home&Kitchen,Kitchen&HomeAppliances,WaterPurifiers&Accessories,WaterFilters&Purifiers,,"4,999","24,999",0.8,4.6,124
B086GVRP63,Amazon Basics 650 Watt Drip Coffee Maker with Borosilicate Ca,Home&Kitchen,Kitchen&HomeAppliances,"Coffee,Tea&Espresso",DripCoffeeMachines,,"1,189","2,400",0.5,4.1,618
B08MVXPTDG,Crompton Insta Delight Fan Circulator Room Heater with 3 Heat,Home&Kitchen,"Heating,Cooling&AirQuality",RoomHeaters,FanHeaters,,"2,590","4,200",0.38,4.1,63
B0BMZ6SY89,!!HANEUL!!1000 Watt/2000-Watt Room Heater!! Fan Heater!!Pure ,Home&Kitchen,"Heating,Cooling&AirQuality",RoomHeaters,FanHeaters,,899,"1,599",0.44,3.4,15
B09P1MFKG1,"Melbon VM-905 2000-Watt Room Heater (ISI Certified, White Col",Home&Kitchen,"Heating,Cooling&AirQuality",RoomHeaters,FanHeaters,,998,"2,999",0.67,4.6,9
B01LY9W8AF,"Cello Eliza Plastic Laundry Bag/Basket, 50 litres, Light Grey",Home&Kitchen,HomeStorage&Organization,LaundryOrganization,LaundryBaskets,,998.06,"1,282",0.22,4.2,7274
B07ZJND9B9,ACTIVA 1200 MM HIGH SPEED 390 RPM BEE APPROVED 5 STAR RATED A,Home&Kitchen,"Heating,Cooling&AirQuality",Fans,CeilingFans,,"1,099","1,990",0.45,3.9,5911
B0B2CWRDB1,Shakti Technology S5 High Pressure Car Washer Machine 1900 Wa,Home&Kitchen,Kitchen&HomeAppliances,"Vacuum,Cleaning&Ironing","PressureWashers,Steam&WindowCleaners",,"5,999","9,999",0.4,4.2,170
B072NCN9M4,"AMERICAN MICRONIC- Imported Wet & Dry Vacuum Cleaner, 21 Litr",Home&Kitchen,Kitchen&HomeAppliances,"Vacuum,Cleaning&Ironing",Vacuums&FloorCare,Vacuums,"8,886","11,850",0.25,4.2,3065
B08SKZ2RMG,Demokrazy New Nova Lint Cum Fuzz Remover for All Woolens Swea,Home&Kitchen,Kitchen&HomeAppliances,"Vacuum,Cleaning&Ironing","Irons,Steamers&Accessories",LintShavers,475,999,0.52,4.1,1021
B0B53DS4TF,"Instant Pot Air Fryer, Vortex 2QT, Touch Control Panel, 360°",Home&Kitchen,Kitchen&HomeAppliances,SmallKitchenAppliances,DeepFatFryers,AirFryers,"4,995","20,049",0.75,4.8,3964
B08BJN4MP3,HUL Pureit Eco Water Saver Mineral RO+UV+MF AS wall mounted/C,Home&Kitchen,Kitchen&HomeAppliances,WaterPurifiers&Accessories,WaterFilters&Purifiers,,"13,999","24,850",0.44,4.4,8948
B0BCYQY9X5,"Livpure Glo Star RO+UV+UF+Mineraliser - 7 L Storage Tank, 15 ",Home&Kitchen,Kitchen&HomeAppliances,WaterPurifiers&Accessories,WaterFilters&Purifiers,,"8,499","16,490",0.48,4.3,97
B009UORDX4,"Philips Hi113 1000-Watt Plastic Body Ptfe Coating Dry Iron, P",Home&Kitchen,Kitchen&HomeAppliances,"Vacuum,Cleaning&Ironing","Irons,Steamers&Accessories",Irons,949,975,0.03,4.3,7223
B08VGDBF3B,Kuber Industries Round Non Woven Fabric Foldable Laundry Bask,Home&Kitchen,HomeStorage&Organization,LaundryOrganization,LaundryBaskets,,395,499,0.21,4,330
B012ELCYUG,"Preethi MGA-502 0.4-Litre Grind and Store Jar (White), stainl",Home&Kitchen,Kitchen&HomeAppliances,SmallKitchenAppliances,SmallApplianceParts&Accessories,StandMixerAccessories,635,635,0,4.3,4570
B07S9M8YTY,Usha Aurora 1000 W Dry Iron with Innovative Tail Light Indica,Home&Kitchen,Kitchen&HomeAppliances,"Vacuum,Cleaning&Ironing","Irons,Steamers&Accessories",Irons,717,"1,390",0.48,4,4867
B0B19VJXQZ,"ECOVACS DEEBOT N8 2-in-1 Robotic Vacuum Cleaner, 2022 New Lau",Home&Kitchen,Kitchen&HomeAppliances,"Vacuum,Cleaning&Ironing",Vacuums&FloorCare,Vacuums,"27,900","59,900",0.53,4.4,5298
B00SMFPJG0,"Kent Gold, Optima, Gold+ Spare Kit",Home&Kitchen,Kitchen&HomeAppliances,WaterPurifiers&Accessories,WaterCartridges,,649,670,0.03,4.1,7786
B0BHYLCL19,AVNISH Tap Water Purifier Filter Faucet 6 Layer Carbon Activa,Home&Kitchen,Kitchen&HomeAppliances,WaterPurifiers&Accessories,WaterPurifierAccessories,,193,399,0.52,3.6,37
B0BPJBTB3F,Khaitan ORFin Fan heater for Home and kitchen-K0 2215,Home&Kitchen,"Heating,Cooling&AirQuality",RoomHeaters,FanHeaters,,"1,299","2,495",0.48,2,2
B08MXJYB2V,USHA RapidMix 500-Watt Copper Motor Mixer Grinder with 3 Jars,Home&Kitchen,Kitchen&HomeAppliances,SmallKitchenAppliances,MixerGrinders,,"2,449","3,390",0.28,4,5206
B081B1JL35,"CSI INTERNATIONAL® Instant Water Geyser, Water Heater, Porta",Home&Kitchen,"Heating,Cooling&AirQuality",WaterHeaters&Geysers,InstantWaterHeaters,,"1,049","2,499",0.58,3.7,638
B09VL9KFDB,Havells Gatik Neo 400mm Pedestal Fan (Aqua Blue),Home&Kitchen,"Heating,Cooling&AirQuality",Fans,TableFans,,"2,399","4,200",0.43,3.8,397
B0B1MDZV9C,"INALSA Upright Vacuum Cleaner, 2-in-1,Handheld & Stick for Ho",Home&Kitchen,Kitchen&HomeAppliances,"Vacuum,Cleaning&Ironing",Vacuums&FloorCare,Vacuums,"2,286","4,495",0.49,3.9,326
B08TT63N58,ROYAL STEP - AMAZON'S BRAND - Portable Electric USB Juice Mak,Home&Kitchen,Kitchen&HomeAppliances,SmallKitchenAppliances,Juicers,,499,"2,199",0.77,3.1,3527
B08YK7BBD2,"Nirdambhay Mini Bag Sealer, 2 in 1 Heat Sealer and Cutter Han",Home&Kitchen,Kitchen&HomeAppliances,SmallKitchenAppliances,VacuumSealers,,429,999,0.57,3,617
B07YQ5SN4H,Cello Non-Stick Aluminium Sandwich Gas Toaster(Black),Home&Kitchen,Kitchen&HomeAppliances,SmallKitchenAppliances,SandwichMakers,,299,595,0.5,4,314
B0B7FJNSZR,Proven® Copper + Mineral RO+UV+UF 10 to 12 Liter RO + UV + T,Home&Kitchen,Kitchen&HomeAppliances,WaterPurifiers&Accessories,WaterFilters&Purifiers,,"5,395","19,990",0.73,4.4,535
B01N6IJG0F,Morphy Richards Daisy 1000W Dry Iron with American Heritage N,Home&Kitchen,Kitchen&HomeAppliances,"Vacuum,Cleaning&Ironing","Irons,Steamers&Accessories",Irons,559,"1,010",0.45,4.1,17325
B0B84QN4CN,Wipro Vesta 1200 Watt GD201 Lightweight Automatic Dry Iron| Q,Home&Kitchen,Kitchen&HomeAppliances,"Vacuum,Cleaning&Ironing","Irons,Steamers&Accessories",Irons,660,"1,100",0.4,3.6,91
B0B8ZM9RVV,"Zuvexa Egg Boiler Poacher Automatic Off Steaming, Cooking, Bo",Home&Kitchen,Kitchen&HomeAppliances,SmallKitchenAppliances,EggBoilers,,419,999,0.58,4.4,227
B01892MIPA,AO Smith HSE-VAS-X-015 Storage 15 Litre Vertical Water Heater,Home&Kitchen,"Heating,Cooling&AirQuality",WaterHeaters&Geysers,StorageWaterHeaters,,"7,349","10,900",0.33,4.2,11957
B08ZHYNTM1,Havells Festiva 1200mm Dust Resistant Ceiling Fan (Gold Mist),Home&Kitchen,"Heating,Cooling&AirQuality",Fans,CeilingFans,,"2,899","4,005",0.28,4.3,7140
B09SDDQQKP,INALSA Vaccum Cleaner Handheld 800W High Powerful Motor- Dura,Home&Kitchen,Kitchen&HomeAppliances,"Vacuum,Cleaning&Ironing",Vacuums&FloorCare,Vacuums,"1,799","3,295",0.45,3.8,687
B0B5RP43VN,"iBELL SM1515NEW Sandwich Maker with Floating Hinges, 1000Watt",Home&Kitchen,Kitchen&HomeAppliances,SmallKitchenAppliances,SandwichMakers,,"1,474","4,650",0.68,4.1,1045
B096NTB9XT,Aquaguard Aura RO+UV+UF+Taste Adjuster(MTDS) with Active Copp,Home&Kitchen,Kitchen&HomeAppliances,WaterPurifiers&Accessories,WaterFilters&Purifiers,,"15,999","24,500",0.35,4,11206
B078JF6X9B,"Havells Instanio 3-Litre 4.5KW Instant Water Heater (Geyser),",Home&Kitchen,"Heating,Cooling&AirQuality",WaterHeaters&Geysers,InstantWaterHeaters,,"3,645","6,070",0.4,4.2,561
B08CGW4GYR,"Milk Frother, Immersion Blender Cordlesss Foam Maker USB Rech",Home&Kitchen,Kitchen&HomeAppliances,SmallKitchenAppliances,HandBlenders,,375,999,0.62,3.6,1988
B00A328ENA,"Panasonic SR-WA22H (E) Automatic Rice Cooker, Apple Green, 2.",Home&Kitchen,Kitchen&HomeAppliances,SmallKitchenAppliances,Rice&PastaCookers,,"2,976","3,945",0.25,4.2,3740
B0763K5HLQ,InstaCuppa Milk Frother for Coffee - Handheld Battery-Operate,Home&Kitchen,Kitchen&HomeAppliances,"Coffee,Tea&Espresso",MilkFrothers,,"1,099","1,499",0.27,4.1,4401
B09PDZNSBG,"Goodscity Garment Steamer for Clothes, Steam Iron Press - Ver",Home&Kitchen,Kitchen&HomeAppliances,"Vacuum,Cleaning&Ironing","Irons,Steamers&Accessories",Irons,"2,575","6,700",0.62,4.2,611
B085LPT5F4,Solidaire 550-Watt Mixer Grinder with 3 Jars (Black) (SLD-550,Home&Kitchen,Kitchen&HomeAppliances,SmallKitchenAppliances,MixerGrinders,,"1,649","2,800",0.41,3.9,2162
B0B9RZ4G4W,Amazon Basics 300 W Hand Blender with Stainless Steel Stem fo,Home&Kitchen,Kitchen&HomeAppliances,SmallKitchenAppliances,HandBlenders,,799,"1,699",0.53,4,97
B0085W2MUQ,Orpat HHB-100E 250-Watt Hand Blender (White),Home&Kitchen,Kitchen&HomeAppliances,SmallKitchenAppliances,HandBlenders,,765,970,0.21,4.2,6055
B09474JWN6,HealthSense Rechargeable Lint Remover for Clothes | Fuzz and ,Home&Kitchen,Kitchen&HomeAppliances,"Vacuum,Cleaning&Ironing","Irons,Steamers&Accessories",LintShavers,999,"1,500",0.33,4.2,386
B09G2VTHQM,"AGARO Classic Portable Yogurt Maker, 1.2L Capacity, Electric,",Home&Kitchen,Kitchen&HomeAppliances,SmallKitchenAppliances,YogurtMakers,,587,"1,295",0.55,4.1,557
B07R679HTT,AGARO Imperial 240-Watt Slow Juicer with Cold Press Technolog,Home&Kitchen,Kitchen&HomeAppliances,SmallKitchenAppliances,Juicers,ColdPressJuicers,"12,609","23,999",0.47,4.4,2288
B00B7GKXMG,Wipro Smartlife Super Deluxe Dry Iron- 1000W,Home&Kitchen,Kitchen&HomeAppliances,"Vacuum,Cleaning&Ironing","Irons,Steamers&Accessories",Irons,699,850,0.18,4.1,1106
B07H3N8RJH,AmazonBasics Cylinder Bagless Vacuum Cleaner with Power Sucti,Home&Kitchen,Kitchen&HomeAppliances,"Vacuum,Cleaning&Ironing",Vacuums&FloorCare,Vacuums,"3,799","6,000",0.37,4.2,11935
B07K2HVKLL,Crompton IHL 251 1500-Watt Immersion Water Heater with Copper,Home&Kitchen,"Heating,Cooling&AirQuality",WaterHeaters&Geysers,ImmersionRods,,640,"1,020",0.37,4.1,5059
B09MQ9PDHR,SaiEllin Room Heater For Home 2000 Watts Room Heater For Bedr,Home&Kitchen,"Heating,Cooling&AirQuality",RoomHeaters,FanHeaters,,979,"1,999",0.51,3.9,157
B014HDJ7ZE,"Bajaj Majesty Duetto Gas 6 Ltr Vertical Water Heater ( LPG), ",Home&Kitchen,"Heating,Cooling&AirQuality",WaterHeaters&Geysers,InstantWaterHeaters,,"5,365","7,445",0.28,3.9,3584
B07D2NMTTV,Black + Decker BD BXIR2201IN 2200-Watt Cord & Cordless Steam ,Home&Kitchen,Kitchen&HomeAppliances,"Vacuum,Cleaning&Ironing","Irons,Steamers&Accessories",Irons,"3,199","3,500",0.09,4.2,1899
B075K76YW1,"Inalsa Hand Blender| Hand Mixer|Beater - Easy Mix, Powerful 2",Home&Kitchen,Kitchen&HomeAppliances,SmallKitchenAppliances,HandMixers,,979,"1,395",0.3,4.2,15252
B0BNLFQDG2,"Longway Blaze 2 Rod Quartz Room Heater (White, Gray, 800 watt",Home&Kitchen,"Heating,Cooling&AirQuality",RoomHeaters,ElectricHeaters,,929,"2,199",0.58,3.7,4
B082ZQ4479,"Prestige PWG 07 Wet Grinder, 2L (Multicolor) with Coconut Scr",Home&Kitchen,Kitchen&HomeAppliances,SmallKitchenAppliances,Mills&Grinders,WetGrinders,"3,710","4,330",0.14,3.7,1662
B09Y358DZQ,Pigeon Zest Mixer Grinder 3 Speed Control 750 Watt Powerful C,Home&Kitchen,Kitchen&HomeAppliances,SmallKitchenAppliances,MixerGrinders,,"2,033","4,295",0.53,3.4,422
B09M3F4HGB,"Borosil Volcano 13 Fin Oil Filled Radiator Room Heater, 2900 ",Home&Kitchen,"Heating,Cooling&AirQuality",RoomHeaters,ElectricHeaters,,"9,495","18,990",0.5,4.2,79
B07VZH6ZBB,Crompton Solarium Qube 15-L 5 Star Rated Storage Water Heater,Home&Kitchen,"Heating,Cooling&AirQuality",WaterHeaters&Geysers,StorageWaterHeaters,,"7,799","12,500",0.38,4,5160
B07F366Z51,Singer Aroma 1.8 Liter Electric Kettle High Grade Stainless S,Home&Kitchen,Kitchen&HomeAppliances,SmallKitchenAppliances,Kettles&HotWaterDispensers,ElectricKettles,949,"2,385",0.6,4.1,2311
B077BTLQ67,"Orient Electric Aura Neo Instant 3L Water Heater (Geyser), 5-",Home&Kitchen,"Heating,Cooling&AirQuality",WaterHeaters&Geysers,InstantWaterHeaters,,"2,790","4,890",0.43,3.9,588
B07YSJ7FF1,Crompton Brio 1000-Watts Dry Iron with Weilburger Coating (Sk,Home&Kitchen,Kitchen&HomeAppliances,"Vacuum,Cleaning&Ironing","Irons,Steamers&Accessories",Irons,645,"1,100",0.41,4,3271
B07TXCY3YK,"Butterfly Hero Mixer Grinder, 500W, 3 Jars (Grey)",Home&Kitchen,Kitchen&HomeAppliances,SmallKitchenAppliances,MixerGrinders,,"2,237.81","3,899",0.43,3.9,11004
B07TC9F7PN,Racold Eterno Pro 25L Vertical 5 Star Storage Water Heater (G,Home&Kitchen,"Heating,Cooling&AirQuality",WaterHeaters&Geysers,StorageWaterHeaters,,"8,699","16,899",0.49,4.2,3195
B09NS5TKPN,"LG 1.5 Ton 5 Star AI DUAL Inverter Split AC (Copper, Super Co",Home&Kitchen,"Heating,Cooling&AirQuality",AirConditioners,Split-SystemAirConditioners,,"42,990","75,990",0.43,4.3,3231
B00LP9RFSU,"Eureka Forbes Aquasure Amrit Twin Cartridge (Pack of 2), Whit",Home&Kitchen,Kitchen&HomeAppliances,WaterPurifiers&Accessories,WaterPurifierAccessories,,825,825,0,4,3246
B0B7L86YCB,Green Tales Heat Seal Mini Food Sealer-Impulse Machine for Se,Home&Kitchen,Kitchen&HomeAppliances,SmallKitchenAppliances,VacuumSealers,,161,300,0.46,2.6,24
B09VPH38JS,SaleOn Instant Coal Heater 500W Charcoal Burner Electric Stov,Home&Kitchen,Kitchen&HomeAppliances,SmallKitchenAppliances,InductionCooktop,,697,"1,499",0.54,3.8,144
B01MUAUOCX,"Sujata Chutney Steel Jar, 400 ml, (White), Stainless Steel",Home&Kitchen,Kitchen&HomeAppliances,SmallKitchenAppliances,SmallApplianceParts&Accessories,,688,747,0.08,4.5,2280
B09MB3DKG1,KHAITAN AVAANTE KA-2013 1200 Watt 3-Rod Halogen Heater (1200 ,Home&Kitchen,"Heating,Cooling&AirQuality",RoomHeaters,HalogenHeaters,,"2,199","3,999",0.45,3.5,340
B08QHLXWV3,Kenstar 2400 Watts 9 Fins Oil Filled Radiator with PTC Fan He,Home&Kitchen,"Heating,Cooling&AirQuality",RoomHeaters,FanHeaters,,"6,850","11,990",0.43,3.9,144
B07G147SZD,NEXOMS Instant Heating Water Tap Wall Mounted with 3 Pin Indi,Home&Kitchen,"Heating,Cooling&AirQuality",WaterHeaters&Geysers,InstantWaterHeaters,,"2,699","3,799",0.29,4,727
B09LH32678,JIALTO Mini Waffle Maker 4 Inch- 350 Watts: Stainless Steel N,Home&Kitchen,Kitchen&HomeAppliances,SmallKitchenAppliances,WaffleMakers&Irons,,899,"1,999",0.55,4,832
B09R1YFL6S,Candes BlowHot All in One Silent Blower Fan Room Heater (ABS ,Home&Kitchen,"Heating,Cooling&AirQuality",RoomHeaters,FanHeaters,,"1,090","2,999",0.64,3.5,57
B07Q4NJQC5,Ionix Jewellery Scale | Weight Scale | Digital Weight Machine,Home&Kitchen,Kitchen&HomeAppliances,SmallKitchenAppliances,DigitalKitchenScales,,295,599,0.51,4,1644
B097RN7BBK,"Kitchen Kit Electric Kettle, 1.8L Stainless Steel Tea Kettle,",Home&Kitchen,Kitchen&HomeAppliances,SmallKitchenAppliances,Kettles&HotWaterDispensers,Kettle&ToasterSets,479,"1,999",0.76,3.4,1066
B097MKZHNV,Racold Pronto Pro 3Litres 3KW Vertical Instant Water Heater (,Home&Kitchen,"Heating,Cooling&AirQuality",WaterHeaters&Geysers,InstantWaterHeaters,,"2,949","4,849",0.39,4.2,7968
B07LG96SDB,ESN 999 Supreme Quality 1500W Immersion Water Heater Rod (Bla,Home&Kitchen,"Heating,Cooling&AirQuality",WaterHeaters&Geysers,ImmersionRods,,335,510,0.34,3.8,3195
B08KS2KQTK,Pajaka® South Indian Filter Coffee Maker 200 ML 2-4 Cup / Mu,Home&Kitchen,Kitchen&HomeAppliances,"Coffee,Tea&Espresso",DripCoffeeMachines,,293,499,0.41,4.1,1456
B095K14P86,Saiyam Stainless Steel Espresso Maker Stovetop Coffee Percola,Home&Kitchen,Kitchen&HomeAppliances,"Coffee,Tea&Espresso",StovetopEspressoPots,,599,"1,299",0.54,4.2,590
B08K36NZSV,KONVIO NEER 10 Inch Spun Filter (PP SPUN) Cartridge Compatibl,Home&Kitchen,Kitchen&HomeAppliances,WaterPurifiers&Accessories,WaterPurifierAccessories,,499,999,0.5,4.3,1436
B07LDPLSZC,Havells Glydo 1000 watt Dry Iron With American Heritage Non S,Home&Kitchen,Kitchen&HomeAppliances,"Vacuum,Cleaning&Ironing","Irons,Steamers&Accessories",Irons,849,"1,190",0.29,4.2,4184
B07F1T31ZZ,Raffles Premium Stainless Steel South Indian Coffee Filter/Dr,Home&Kitchen,Kitchen&HomeAppliances,"Coffee,Tea&Espresso",DripCoffeeMachines,,249,400,0.38,4.1,693
B0BNDRK886,IONIX Activated Carbon Faucet Water Filters Universal Interfa,Home&Kitchen,Kitchen&HomeAppliances,WaterPurifiers&Accessories,WaterPurifierAccessories,,185,599,0.69,3.9,1306
B09ZVJXN5L,"KNYUC MART Mini Electric Handy Room Heater Compact Plug-in, T",Home&Kitchen,"Heating,Cooling&AirQuality",RoomHeaters,FanHeaters,,778,999,0.22,3.3,8
B08JKPVDKL,INKULTURE Stainless_Steel Measuring Cups & Spoon Combo for Dr,Home&Kitchen,Kitchen&HomeAppliances,"Coffee,Tea&Espresso",CoffeeMakerAccessories,MeasuringSpoons,279,699,0.6,4.3,2326
B09JFR8H3Q,"Macmillan Aquafresh 5 Micron PS-05 10"" in PP Spun Filter Cand",Home&Kitchen,Kitchen&HomeAppliances,WaterPurifiers&Accessories,WaterPurifierAccessories,,215,"1,499",0.86,3.9,1004
B07LDN9Q2P,Havells D'zire 1000 watt Dry Iron With American Heritage Sole,Home&Kitchen,Kitchen&HomeAppliances,"Vacuum,Cleaning&Ironing","Irons,Steamers&Accessories",Irons,889,"1,295",0.31,4.3,6400
B08T8KWNQ9,TE™ Instant Electric Heating Hot and Cold Water Geyser Tap ,Home&Kitchen,"Heating,Cooling&AirQuality",WaterHeaters&Geysers,InstantWaterHeaters,,"1,449","4,999",0.71,3.6,63
B07Y1RCCW5,"ZIGMA WinoteK WinoteK Sun Instant Water Geyser, Water Heater,",Home&Kitchen,"Heating,Cooling&AirQuality",WaterHeaters&Geysers,InstantWaterHeaters,,"1,190","2,550",0.53,3.8,1181
B0762HXMTF,KENT 11054 Alkaline Water Filter Pitcher 3.5 L | Chemical-Fre,Home&Kitchen,Kitchen&HomeAppliances,WaterPurifiers&Accessories,WaterFilters&Purifiers,,"1,799","1,950",0.08,3.9,1888
B00K57MR22,"Sujata Dynamix DX Mixer Grinder, 900W, 3 Jars (White)",Home&Kitchen,Kitchen&HomeAppliances,SmallKitchenAppliances,MixerGrinders,,"6,120","8,478",0.28,4.6,6550
B07TTSS5MP,Lifelong LLMG74 750 Watt Mixer Grinder with 3 Jars (White and,Home&Kitchen,Kitchen&HomeAppliances,SmallKitchenAppliances,MixerGrinders,,"1,799","3,299",0.45,3.8,1846
B09ZDVL7L8,"TTK Prestige Limited Orion Mixer Grinder 500 Watts, 3 Jars (1",Home&Kitchen,Kitchen&HomeAppliances,SmallKitchenAppliances,MixerGrinders,,"2,199","3,895",0.44,3.9,1085
B09XHXXCFH,"AGARO Regal Electric Rice Cooker, 3L Ceramic Inner Bowl, Cook",Home&Kitchen,Kitchen&HomeAppliances,SmallKitchenAppliances,Rice&PastaCookers,,"3,685","5,495",0.33,4.1,290
B0BL3R4RGS,VAPJA® Portable Mini Juicer Cup Blender USB Rechargeable wit,Home&Kitchen,Kitchen&HomeAppliances,SmallKitchenAppliances,JuicerMixerGrinders,,649,999,0.35,3.6,4
B07P1BR7L8,"Philips HD6975/00 25 Litre Digital Oven Toaster Grill, Grey, ",Home&Kitchen,Kitchen&HomeAppliances,SmallKitchenAppliances,OvenToasterGrills,,"8,599","8,995",0.04,4.4,9734
B078WB1VWJ,Usha EI 3710 Heavy Weight 1000-Watt Dry Iron with Golden Amer,Home&Kitchen,Kitchen&HomeAppliances,"Vacuum,Cleaning&Ironing","Irons,Steamers&Accessories",Irons,"1,110","1,599",0.31,4.3,4022
B0BP89YBC1,Campfire Spring Chef Prolix Instant Portable Water Heater Gey,Home&Kitchen,"Heating,Cooling&AirQuality",WaterHeaters&Geysers,InstantWaterHeaters,,"1,499","3,500",0.57,4.7,2591
B09W9V2PXG,Themisto TH-WS20 Digital Kitchen Weighing Scale Stainless Ste,Home&Kitchen,Kitchen&HomeAppliances,SmallKitchenAppliances,DigitalKitchenScales,,759,"1,999",0.62,4.3,532
B09XTQFFCG,"FYA Handheld Vacuum Cleaner Cordless, Wireless Hand Vacuum&Ai",Home&Kitchen,Kitchen&HomeAppliances,"Vacuum,Cleaning&Ironing",Vacuums&FloorCare,Vacuums,"2,669","3,199",0.17,3.9,260
B08LVVTGZK,"Lifelong LLSM120G Sandwich Griller , Classic Pro 750 W Sandwi",Home&Kitchen,Kitchen&HomeAppliances,SmallKitchenAppliances,SandwichMakers,,929,"1,300",0.29,3.9,1672
B07J2BQZD6,Kuber Industries Nylon Mesh Laundry Basket|Sturdy Material & ,Home&Kitchen,HomeStorage&Organization,LaundryOrganization,LaundryBaskets,,199,399,0.5,3.7,7945
B07HK53XM4,Bulfyss Plastic Sticky Lint Roller Hair Remover Cleaner Set o,Home&Kitchen,Kitchen&HomeAppliances,"Vacuum,Cleaning&Ironing","Irons,Steamers&Accessories",LintShavers,279,599,0.53,3.5,1367
B08RDWBYCQ,"T TOPLINE 180 W Electric Hand Mixer,Hand Blender , Egg Beater",Home&Kitchen,Kitchen&HomeAppliances,SmallKitchenAppliances,HandBlenders,,549,999,0.45,4,1313
B09FHHTL8L,Empty Mist Trigger Plastic Spray Bottle for Multi use 200ml P,Home&Kitchen,HomeStorage&Organization,LaundryOrganization,IroningAccessories,SprayBottles,85,199,0.57,4.1,212
B0BHNHMR3H,LONAXA Mini Travel Rechargeable Fruit Juicer - USB Electric F,Home&Kitchen,Kitchen&HomeAppliances,SmallKitchenAppliances,JuicerMixerGrinders,,499,"1,299",0.62,3.9,65
B07D8VBYB4,"SUJATA Powermatic Plus, Juicer Mixer Grinder, 900 Watts, 2 Ja",Home&Kitchen,Kitchen&HomeAppliances,SmallKitchenAppliances,JuicerMixerGrinders,,"5,865","7,776",0.25,4.4,2737
B0B3TBY2YX,"AGARO Royal Double Layered Kettle, 1.5 Litres, Double Layered",Home&Kitchen,Kitchen&HomeAppliances,SmallKitchenAppliances,Kettles&HotWaterDispensers,ElectricKettles,"1,260","2,299",0.45,4.3,55
B088WCFPQF,Cafe JEI French Press Coffee and Tea Maker 600ml with 4 Level,Home&Kitchen,Kitchen&HomeAppliances,"Coffee,Tea&Espresso",CoffeePresses,,"1,099","1,500",0.27,4.5,1065
B07JZSG42Y,Borosil Prime Grill Sandwich Maker (Grey),Home&Kitchen,Kitchen&HomeAppliances,SmallKitchenAppliances,SandwichMakers,,"1,928","2,590",0.26,4,2377
B08YRMBK9R,Candes 10 Litre Perfecto 5 Star Rated Automatic Instant Stora,Home&Kitchen,"Heating,Cooling&AirQuality",WaterHeaters&Geysers,StorageWaterHeaters,,"3,249","6,299",0.48,3.9,2569
B00935MGHS,"Prestige PSMFB 800 Watt Sandwich Toaster with Fixed Plates, B",Home&Kitchen,Kitchen&HomeAppliances,SmallKitchenAppliances,SandwichMakers,,"1,199","1,795",0.33,4.2,5967
B07B5XJ572,iBELL MPK120L Premium Stainless Steel Multi Purpose Kettle/Co,Home&Kitchen,Kitchen&HomeAppliances,SmallKitchenAppliances,Kettles&HotWaterDispensers,ElectricKettles,"1,456","3,190",0.54,4.1,1776
B086199CWG,Maharaja Whiteline Odacio Plus 550-Watt Juicer Mixer Grinder ,Home&Kitchen,Kitchen&HomeAppliances,SmallKitchenAppliances,JuicerMixerGrinders,,"3,349","4,799",0.3,3.7,4200
B0BBWJFK5C,Shakti Technology S3 High Pressure Car Washer Machine 1800 Wa,Home&Kitchen,Kitchen&HomeAppliances,"Vacuum,Cleaning&Ironing","PressureWashers,Steam&WindowCleaners",,"4,899","8,999",0.46,4.1,297
B07GLS2563,Cello Quick Boil Popular Electric Kettle 1 Litre 1200 Watts |,Home&Kitchen,Kitchen&HomeAppliances,SmallKitchenAppliances,Kettles&HotWaterDispensers,Kettle&ToasterSets,"1,199","1,899",0.37,4.2,3858
B09P182Z2H,"AGARO Glory Cool Mist Ultrasonic Humidifier, 4.5Litres, For L",Home&Kitchen,"Heating,Cooling&AirQuality",Humidifiers,,,"3,290","5,799",0.43,4.3,168
B0B59K1C8F,Wolpin 1 Lint Roller with 60 Sheets Remove Clothes Lint Dog H,Home&Kitchen,Kitchen&HomeAppliances,"Vacuum,Cleaning&Ironing","Irons,Steamers&Accessories",LintShavers,179,799,0.78,3.6,101
B06Y36JKC3,Abode Kitchen Essential Measuring Cup & Spoon for Spices | fo,Home&Kitchen,Kitchen&HomeAppliances,"Coffee,Tea&Espresso",CoffeeMakerAccessories,MeasuringSpoons,149,300,0.5,4.1,4074
B075S9FVRY,"Sujata Supermix, Mixer Grinder, 900 Watts, 3 Jars (White)",Home&Kitchen,Kitchen&HomeAppliances,SmallKitchenAppliances,MixerGrinders,,"5,490","7,200",0.24,4.5,1408
B08SJVD8QD,CARDEX Digital Kitchen Weighing Machine Multipurpose Electron,Home&Kitchen,Kitchen&HomeAppliances,SmallKitchenAppliances,DigitalKitchenScales,,379,389,0.03,4.2,3739
B07FJNNZCJ,V-Guard Zenora RO+UF+MB Water Purifier | Suitable for water w,Home&Kitchen,Kitchen&HomeAppliances,WaterPurifiers&Accessories,WaterFilters&Purifiers,,"8,699","13,049",0.33,4.3,5891
B09MFR93KS,"Bajaj Rex DLX 750 W 4 Jars Mixer Grinder, White and Blue",Home&Kitchen,Kitchen&HomeAppliances,SmallKitchenAppliances,MixerGrinders,,"3,041.67","5,999",0.49,4,777
B07Y5FDPKV,KENT 16051 Hand Blender 300 W | 5 Variable Speed Control | Mu,Home&Kitchen,Kitchen&HomeAppliances,SmallKitchenAppliances,HandBlenders,,"1,745","2,400",0.27,4.2,14160
B0756KCV5K,Prestige PIC 15.0+ 1900-Watt Induction Cooktop (Black),Home&Kitchen,Kitchen&HomeAppliances,SmallKitchenAppliances,InductionCooktop,,"3,180","5,295",0.4,4.2,6919
B0BJ6P3LSK,Aqua d pure Active Copper 12-L RO+UV Water Filter Purifier fo,Home&Kitchen,Kitchen&HomeAppliances,WaterPurifiers&Accessories,WaterFilters&Purifiers,,"4,999","24,999",0.8,4.5,287
B09HS1NDRQ,PrettyKrafts Laundry Square Shape Basket Bag/Foldable/Multipu,Home&Kitchen,HomeStorage&Organization,LaundryOrganization,LaundryBaskets,,390,799,0.51,3.8,287
B018SJJ0GE,Libra Roti Maker Electric Automatic | chapati Maker Electric ,Home&Kitchen,Kitchen&HomeAppliances,SmallKitchenAppliances,RotiMakers,,"1,999","2,999",0.33,4.4,388
B09FPP3R1D,"Glen 3 in 1 Electric Multi Cooker - Steam, Cook & Egg Boiler ",Home&Kitchen,Kitchen&HomeAppliances,SmallKitchenAppliances,EggBoilers,,"1,624","2,495",0.35,4.1,827
B01F7B2JCI,Dynore Stainless Steel Set of 4 Measuring Cup and 4 Measuring,Home&Kitchen,Kitchen&HomeAppliances,"Coffee,Tea&Espresso",CoffeeMakerAccessories,MeasuringSpoons,184,450,0.59,4.2,4971
B09NNZ1GF7,Lint Remover For Clothes With 1 Year Warranty Fabric Shaver L,Home&Kitchen,Kitchen&HomeAppliances,"Vacuum,Cleaning&Ironing","Irons,Steamers&Accessories",LintShavers,445,999,0.55,4.3,229
B01CS4A5V4,Monitor AC Stand/Heavy Duty Air Conditioner Outdoor Unit Moun,Home&Kitchen,"Heating,Cooling&AirQuality",Parts&Accessories,FanParts&Accessories,,699,"1,690",0.59,4.1,3524
B0BL11S5QK,"iBELL Induction Cooktop, 2000W with Auto Shut Off and Overhea",Home&Kitchen,Kitchen&HomeAppliances,SmallKitchenAppliances,InductionCooktop,,"1,601","3,890",0.59,4.2,156
B09BL2KHQW,KENT POWP-Sediment Filter 10'' Thread WCAP,Home&Kitchen,Kitchen&HomeAppliances,WaterPurifiers&Accessories,WaterPurifierAccessories,,231,260,0.11,4.1,490
B081RLM75M,LACOPINE Mini Pocket Size Lint Roller (White),Home&Kitchen,Kitchen&HomeAppliances,"Vacuum,Cleaning&Ironing","Irons,Steamers&Accessories",LintShavers,369,599,0.38,3.9,82
B07SYYVP69,"iBELL SEK170BM Premium Electric Kettle, 1.7 Litre, Stainless ",Home&Kitchen,Kitchen&HomeAppliances,SmallKitchenAppliances,Kettles&HotWaterDispensers,ElectricKettles,809,"1,950",0.59,3.9,710
B0BDZWMGZ1,Activa Easy Mix Nutri Mixer Grinder 500 Watt | Long Lasting S,Home&Kitchen,Kitchen&HomeAppliances,SmallKitchenAppliances,MixerGrinders,,"1,199","2,990",0.6,3.8,133
B078JT7LTD,"Sujata Dynamix, Mixer Grinder, 900 Watts, 3 Jars (White)",Home&Kitchen,Kitchen&HomeAppliances,SmallKitchenAppliances,MixerGrinders,,"6,120","8,073",0.24,4.6,2751
B09WF4Q7B3,Wipro Vesta 1380W Cordless Steam Iron Quick heat up with 20gm,Home&Kitchen,Kitchen&HomeAppliances,"Vacuum,Cleaning&Ironing","Irons,Steamers&Accessories",Irons,"1,799","2,599",0.31,3.6,771
B092R48XXB,"Mi Robot Vacuum-Mop P, Best-in-class Laser Navigation in 10-2",Home&Kitchen,Kitchen&HomeAppliances,"Vacuum,Cleaning&Ironing",Vacuums&FloorCare,Vacuums,"18,999","29,999",0.37,4.1,2536
B00KIDSU8S,Havells Ventil Air DX 200mm Exhaust Fan (White),Home&Kitchen,"Heating,Cooling&AirQuality",Fans,ExhaustFans,,"1,999","2,360",0.15,4.2,7801
B0977CGNJJ,AGARO Royal Stand 1000W Mixer with 5L SS Bowl and 8 Speed Set,Home&Kitchen,Kitchen&HomeAppliances,SmallKitchenAppliances,StandMixers,,"5,999","11,495",0.48,4.3,534
B08WWKM5HQ,Crompton Highspeed Markle Prime 1200 mm (48 inch) Anti-Dust C,Home&Kitchen,"Heating,Cooling&AirQuality",Fans,CeilingFans,,"2,599","4,780",0.46,3.9,898
B015GX9Y0W,Lifelong LLWM105 750-Watt Belgian Waffle Maker for Home| Make,Home&Kitchen,Kitchen&HomeAppliances,SmallKitchenAppliances,WaffleMakers&Irons,,"1,199","2,400",0.5,3.9,1202
B089BDBDGM,Kuber Industries Waterproof Round Laundry Bag/Hamper|Polka Do,Home&Kitchen,HomeStorage&Organization,LaundryOrganization,LaundryBaskets,,219,249,0.12,4,1108
B0BPBG712X,"Portable, Handy Compact Plug-in Portable Digital Electric Hea",Home&Kitchen,"Heating,Cooling&AirQuality",RoomHeaters,FanHeaters,,799,"1,199",0.33,4.4,17
B00JBNZPFM,"Karcher WD3 EU Wet and Dry Vacuum Cleaner, 1000 Watts Powerfu",Home&Kitchen,Kitchen&HomeAppliances,"Vacuum,Cleaning&Ironing",Vacuums&FloorCare,Vacuums,"6,199","10,999",0.44,4.2,10429
B08N6P8G5K,INALSA Air Fryer Digital 4L Nutri Fry - 1400W with Smart AirC,Home&Kitchen,Kitchen&HomeAppliances,SmallKitchenAppliances,DeepFatFryers,AirFryers,"6,790","10,995",0.38,4.5,3192
B07NPBG1B4,"AmazonBasics High Speed 55 Watt Oscillating Pedestal Fan, 400",Home&Kitchen,"Heating,Cooling&AirQuality",Fans,PedestalFans,,"1,982.84","3,300",0.4,4.1,5873
B01MRARGBW,Eco Crystal J 5 inch Cartridge (Pack of 2),Home&Kitchen,Kitchen&HomeAppliances,WaterPurifiers&Accessories,WaterPurifierAccessories,,199,400,0.5,4.1,1379
B07VZYMQNZ,"Borosil Rio 1.5 L Electric Kettle, Stainless Steel Inner Body",Home&Kitchen,Kitchen&HomeAppliances,SmallKitchenAppliances,Kettles&HotWaterDispensers,ElectricKettles,"1,180","1,440",0.18,4.2,1527
B01L7C4IU2,Havells Ambrose 1200mm Ceiling Fan (Pearl White Wood),Home&Kitchen,"Heating,Cooling&AirQuality",Fans,CeilingFans,,"2,199","3,045",0.28,4.2,2686
B09H7JDJCW,"PHILIPS Drip Coffee Maker HD7432/20, 0.6 L, Ideal for 2-7 cup",Home&Kitchen,Kitchen&HomeAppliances,"Coffee,Tea&Espresso",DripCoffeeMachines,,"2,999","3,595",0.17,4,178
B07F6GXNPB,Eureka Forbes Euroclean Paper Vacuum Cleaner Dust Bags for Ex,Home&Kitchen,Kitchen&HomeAppliances,"Vacuum,Cleaning&Ironing",Vacuums&FloorCare,VacuumAccessories,253,500,0.49,4.3,2664
B0B97D658R,Larrito wooden Cool Mist Humidifiers Essential Oil Diffuser A,Home&Kitchen,"Heating,Cooling&AirQuality",Humidifiers,,,499,799,0.38,3.6,212
B09NFSHCWN,Hilton Quartz Heater 400/800-Watt ISI 2 Rods Multi Mode Heate,Home&Kitchen,"Heating,Cooling&AirQuality",RoomHeaters,ElectricHeaters,,"1,149","1,899",0.39,3.5,24
B076VQS87V,Syska SDI-07 1000 W Stellar with Golden American Heritage Sol,Home&Kitchen,Kitchen&HomeAppliances,"Vacuum,Cleaning&Ironing","Irons,Steamers&Accessories",Irons,457,799,0.43,4.3,1868
B09LMMFW3S,"IKEA Milk Frother for Your Milk, Coffee,(Cold and hot Drinks)",Home&Kitchen,Kitchen&HomeAppliances,"Coffee,Tea&Espresso",MilkFrothers,,229,399,0.43,3.6,451
B0BBLHTRM9,IONIX Tap filter Multilayer | Activated Carbon Faucet Water F,Home&Kitchen,Kitchen&HomeAppliances,WaterPurifiers&Accessories,WaterPurifierAccessories,,199,699,0.72,2.9,159
B0BJYSCWFQ,Kitchengenix's Mini Waffle Maker 4 Inch- 350 Watts: Stainless,Home&Kitchen,Kitchen&HomeAppliances,SmallKitchenAppliances,WaffleMakers&Irons,,899,"1,999",0.55,4.2,39
B0187F2IOK,"Bajaj HM-01 Powerful 250W Hand Mixer, Black",Home&Kitchen,Kitchen&HomeAppliances,SmallKitchenAppliances,HandMixers,,"1,499","2,199",0.32,4.4,6531
B0B8CB7MHW,KNOWZA Electric Handheld Milk Wand Mixer Frother for Latte Co,Home&Kitchen,Kitchen&HomeAppliances,SmallKitchenAppliances,HandBlenders,,426,999,0.57,4.1,222
B07K19NYZ8,Usha Hc 812 T Thermo Fan Room Heater,Home&Kitchen,"Heating,Cooling&AirQuality",RoomHeaters,FanHeaters,,"2,320","3,290",0.29,3.8,195
B08ZXZ362Z,akiara - Makes life easy Mini Sewing Machine for Home Tailori,Home&Kitchen,Kitchen&HomeAppliances,SewingMachines&Accessories,Sewing&EmbroideryMachines,,"1,563","3,098",0.5,3.5,2283
B00GHL8VP2,USHA 1212 PTC with Adjustable Thermostat Fan Heater (Black/Br,Home&Kitchen,"Heating,Cooling&AirQuality",RoomHeaters,ElectricHeaters,,"3,487.77","4,990",0.3,4.1,1127
B0B9JZW1SQ,"4 in 1 Handheld Electric Vegetable Cutter Set,Wireless Food P",Home&Kitchen,Kitchen&HomeAppliances,SmallKitchenAppliances,MiniFoodProcessors&Choppers,,498,"1,200",0.59,3.2,113
B00TI8E7BI,Philips HD9306/06 1.5-Litre Electric Kettle (Multicolor),Home&Kitchen,Kitchen&HomeAppliances,SmallKitchenAppliances,Kettles&HotWaterDispensers,ElectricKettles,"2,695","2,695",0,4.4,2518
B07J9KXQCC,"Libra Room Heater for Home, Room Heaters Home for Winter, Ele",Home&Kitchen,"Heating,Cooling&AirQuality",RoomHeaters,ElectricHeaters,,949,"2,299",0.59,3.6,550
B0B3JSWG81,NGI Store 2 Pieces Pet Hair Removers for Your Laundry Catcher,Home&Kitchen,Kitchen&HomeAppliances,"Vacuum,Cleaning&Ironing","Irons,Steamers&Accessories",LintShavers,199,999,0.8,3.1,2
B08L7J3T31,Noir Aqua - 5pcs PP Spun Filter + 1 Spanner | for All Types o,Home&Kitchen,Kitchen&HomeAppliances,WaterPurifiers&Accessories,WaterPurifierAccessories,,379,919,0.59,4,1090
B01M6453MB,"Prestige Delight PRWO Electric Rice Cooker (1 L, White)",Home&Kitchen,Kitchen&HomeAppliances,SmallKitchenAppliances,Rice&PastaCookers,,"2,280","3,045",0.25,4.1,4118
B009P2LIL4,Bajaj Majesty RX10 2000 Watts Heat Convector Room Heater (Whi,Home&Kitchen,"Heating,Cooling&AirQuality",RoomHeaters,HeatConvectors,,"2,219","3,080",0.28,3.6,468
B00J5DYCCA,Havells Ventil Air DSP 230mm Exhaust Fan (Pista Green),Home&Kitchen,"Heating,Cooling&AirQuality",Fans,ExhaustFans,,"1,399","1,890",0.26,4,8031
B01486F4G6,Borosil Jumbo 1000-Watt Grill Sandwich Maker (Black),Home&Kitchen,Kitchen&HomeAppliances,SmallKitchenAppliances,SandwichMakers,,"2,863","3,690",0.22,4.3,6987
